"act","section_number","section_title","text","keywords","document_types_applicable","document_types_applicable__-"
"The Insolvency And Bankruptcy Code, 2016","Preamble","Preamble","An Act to consolidate and amend the laws relating to reorganisation and insolvency resolution of corporate persons, partnership firms and individuals in a time bound manner for maximisation of value of assets of such persons, to promote entrepreneurship, availability of credit and balance the interests of all the stakeholders including alteration in the order of priority of payment of Government dues and to establish an Insolvency and Bankruptcy Board of India, and for matters connected therewith or incidental thereto. BE it enacted by Parliament in the Sixty-seventh Year of the Republic of India as follows: —","act","","act"
"","","","","amendment","",""
"","","","","asset maximisation","",""
"","","","","consolidation","",""
"","","","","corporate insolvency resolution process","",""
"","","","","corporate persons","",""
"","","","","credit","",""
"","","","","entrepreneurship","",""
"","","","","government dues","",""
"","","","","individuals","",""
"","","","","insolvency","",""
"","","","","Insolvency and Bankruptcy Board of India","",""
"","","","","insolvency resolution","",""
"","","","","partnership firms","",""
"","","","","preamble","",""
"","","","","reorganisation","",""
"","","","","resolution plan","",""
"","","","","stakeholders","",""
"The Insolvency And Bankruptcy Code, 2016","1","Short title, extent and commencement","(1) This Code may be called the Insolvency and Bankruptcy Code, 2016. (2) It extends to the whole of India: 1* * * * * (3) It shall come into force on such date2 as the Central Government may, by notification in the Official Gazette, appoint:","act","act",""
"","","","","applicability","notification",""
"","","","","Central Government","",""
"","","","","CIRP","",""
"","","","","commencement","",""
"","","","","corporate insolvency resolution process","",""
"","","","","extent","",""
"","","","","India","",""
"","","","","insolvency","",""
"","","","","notification","",""
"","","","","Official Gazette","",""
"","","","","resolution plan","",""
"","","","","short title","",""
"The Insolvency And Bankruptcy Code, 2016","68","Punishment for concealment of property","","CIRP","criminal_complaint",""
"","","","","concealment","court_order",""
"","","","","corporate insolvency resolution process","legal_notice",""
"","","","","insolvency","regulatory_filing",""
"","","","","offence","",""
"","","","","penalty","",""
"","","","","property","",""
"","","","","punishment","",""
"","","","","punishment for concealment of property","",""
"","","","","resolution plan","",""
"The Insolvency And Bankruptcy Code, 2016","69","Punishment for transactions defrauding creditors","","CIRP","criminal_complaint",""
"","","","","corporate insolvency resolution process","court_order",""
"","","","","creditor","legal_notice",""
"","","","","defrauding creditors","regulatory_filing",""
"","","","","fraudulent transactions","",""
"","","","","insolvency","",""
"","","","","offence","",""
"","","","","penalty","",""
"","","","","punishment","",""
"","","","","punishment for transactions defrauding creditors","",""
"","","","","resolution plan","",""
"The Insolvency And Bankruptcy Code, 2016","70","Punishment for misconduct in course of corporate insolvency resolution process","","CIRP","criminal_complaint",""
"","","","","corporate insolvency resolution process","court_order",""
"","","","","insolvency","legal_notice",""
"","","","","misconduct","regulatory_filing",""
"","","","","offence","",""
"","","","","penalty","",""
"","","","","punishment","",""
"","","","","punishment for misconduct in course of corporate insolvency resolution process","",""
"","","","","resolution plan","",""
"The Insolvency And Bankruptcy Code, 2016","71","Punishment for falsification of books of corporate debtor","","books of accounts","criminal_complaint",""
"","","","","CIRP","court_order",""
"","","","","corporate debtor","legal_notice",""
"","","","","corporate insolvency resolution process","regulatory_filing",""
"","","","","debtor","",""
"","","","","falsification","",""
"","","","","insolvency","",""
"","","","","offence","",""
"","","","","penalty","",""
"","","","","punishment","",""
"","","","","punishment for falsification of books of corporate debtor","",""
"","","","","resolution plan","",""
"The Insolvency And Bankruptcy Code, 2016","72","Punishment for wilful and material omissions from statements relating to affairs of corporate debtor","","CIRP","criminal_complaint",""
"","","","","corporate debtor","court_order",""
"","","","","corporate insolvency resolution process","legal_notice",""
"","","","","debtor","regulatory_filing",""
"","","","","false information","",""
"","","","","insolvency","",""
"","","","","material omissions","",""
"","","","","offence","",""
"","","","","penalty","",""
"","","","","punishment","",""
"","","","","punishment for wilful and material omissions from statements relating to affairs of corporate debtor","",""
"","","","","resolution plan","",""
"","","","","statements of affairs","",""
"","","","","wilful omissions","",""
"The Insolvency And Bankruptcy Code, 2016","73","Punishment for false representations to creditors","","CIRP","criminal_complaint",""
"","","","","corporate insolvency resolution process","court_order",""
"","","","","creditor","legal_notice",""
"","","","","false information","regulatory_filing",""
"","","","","false representations","",""
"","","","","insolvency","",""
"","","","","offence","",""
"","","","","penalty","",""
"","","","","punishment","",""
"","","","","punishment for false representations to creditors","",""
"","","","","resolution plan","",""
"The Insolvency And Bankruptcy Code, 2016","74","Punishment for contravention of moratorium or the resolution plan","","CIRP","criminal_complaint",""
"","","","","contravention","court_order",""
"","","","","corporate insolvency resolution process","legal_notice",""
"","","","","court_order","regulatory_filing",""
"","","","","insolvency","",""
"","","","","moratorium","",""
"","","","","offence","",""
"","","","","penalty","",""
"","","","","punishment","",""
"","","","","punishment for contravention of moratorium or the resolution plan","",""
"","","","","resolution plan","",""
"The Insolvency And Bankruptcy Code, 2016","75","Punishment for false information furnished in application","","CIRP","application_form",""
"","","","","application","criminal_complaint",""
"","","","","application_form","court_order",""
"","","","","corporate insolvency resolution process","legal_notice",""
"","","","","false information","petition",""
"","","","","insolvency","regulatory_filing",""
"","","","","offence","",""
"","","","","penalty","",""
"","","","","punishment","",""
"","","","","punishment for false information furnished in application","",""
"","","","","resolution plan","",""
"The Insolvency And Bankruptcy Code, 2016","76","Punishment for non-disclosure of dispute or repayment of debt by operational creditor","","CIRP","claim_form",""
"","","","","corporate insolvency resolution process","criminal_complaint",""
"","","","","creditor","court_order",""
"","","","","debt","debt_recovery_notice",""
"","","","","debt_recovery_notice","dispute_notice",""
"","","","","dispute","legal_notice",""
"","","","","dispute_notice","loan_agreement",""
"","","","","insolvency","regulatory_filing",""
"","","","","loan_agreement","",""
"","","","","non-disclosure","",""
"","","","","offence","",""
"","","","","operational creditor","",""
"","","","","penalty","",""
"","","","","punishment","",""
"","","","","punishment for non-disclosure of dispute or repayment of debt by operational creditor","",""
"","","","","repayment","",""
"","","","","resolution plan","",""
"The Insolvency And Bankruptcy Code, 2016","77","Punishment for providing false information in application made by corporate debtor","","CIRP","application_form",""
"","","","","application","criminal_complaint",""
"","","","","application_form","court_order",""
"","","","","corporate debtor","legal_notice",""
"","","","","corporate insolvency resolution process","order",""
"","","","","debtor","petition",""
"","","","","false information","regulatory_filing",""
"","","","","insolvency","",""
"","","","","offence","",""
"","","","","penalty","",""
"","","","","punishment","",""
"","","","","punishment for providing false information in application made by corporate debtor","",""
"","","","","resolution plan","",""
"The Insolvency And Bankruptcy Code, 2016","78","Application","","CIRP","application_form",""
"","","","","application","petition",""
"","","","","application_form","",""
"","","","","corporate insolvency resolution process","",""
"","","","","insolvency","",""
"","","","","order","",""
"","","","","petition","",""
"","","","","resolution plan","",""
"The Insolvency And Bankruptcy Code, 2016","79","Definitions","","CIRP","",""
"","","","","corporate insolvency resolution process","",""
"","","","","definitions","",""
"","","","","insolvency","",""
"","","","","resolution plan","",""
"The Insolvency And Bankruptcy Code, 2016","80","Eligibility for making an application","","CIRP","application_form",""
"","","","","admission","order",""
"","","","","application","petition",""
"","","","","application_form","",""
"","","","","corporate insolvency resolution process","",""
"","","","","eligibility","",""
"","","","","eligibility for making an application","",""
"","","","","insolvency","",""
"","","","","order","",""
"","","","","petition","",""
"","","","","rejection","",""
"","","","","resolution plan","",""
"","","","","submission","",""
"The Insolvency And Bankruptcy Code, 2016","81","Application for fresh start order","","CIRP","application_form",""
"","","","","admission","order",""
"","","","","application","petition",""
"","","","","application for fresh start order","",""
"","","","","application_form","",""
"","","","","corporate insolvency resolution process","",""
"","","","","eligibility","",""
"","","","","fresh start order","",""
"","","","","insolvency","",""
"","","","","order","",""
"","","","","petition","",""
"","","","","rejection","",""
"","","","","resolution plan","",""
"","","","","submission","",""
"The Insolvency And Bankruptcy Code, 2016","82","Appointment of resolution professional","","CIRP","appointment_letter",""
"","","","","appointment","report",""
"","","","","appointment_letter","",""
"","","","","corporate insolvency resolution process","",""
"","","","","duties","",""
"","","","","insolvency","",""
"","","","","resolution plan","",""
"","","","","resolution professional","",""
"The Insolvency And Bankruptcy Code, 2016","83","Examination of application by resolution professional","","CIRP","application_form",""
"","","","","admission","order",""
"","","","","application","petition",""
"","","","","application_form","report",""
"","","","","corporate insolvency resolution process","",""
"","","","","duties","",""
"","","","","eligibility","",""
"","","","","examination of application by resolution professional","",""
"","","","","insolvency","",""
"","","","","order","",""
"","","","","petition","",""
"","","","","rejection","",""
"","","","","report","",""
"","","","","resolution plan","",""
"","","","","resolution professional","",""
"","","","","submission","",""
"The Insolvency And Bankruptcy Code, 2016","84","Admission or rejection of application by Adjudicating Authority","","adjudicating authority","application_form",""
"","","","","admission","court_order",""
"","","","","admission or rejection of application by adjudicating authority","order",""
"","","","","application","petition",""
"","","","","application_form","",""
"","","","","CIRP","",""
"","","","","corporate insolvency resolution process","",""
"","","","","court_order","",""
"","","","","insolvency","",""
"","","","","NCLT","",""
"","","","","order","",""
"","","","","petition","",""
"","","","","rejection","",""
"","","","","resolution plan","",""
"","","","","submission","",""
"The Insolvency And Bankruptcy Code, 2016","85","Effect of admission of application","","admission","application_form",""
"","","","","application","order",""
"","","","","application_form","petition",""
"","","","","CIRP","",""
"","","","","corporate insolvency resolution process","",""
"","","","","effect of admission of application","",""
"","","","","insolvency","",""
"","","","","order","",""
"","","","","petition","",""
"","","","","resolution plan","",""
"The Insolvency And Bankruptcy Code, 2016","86","Objections by creditor and their examination by resolution professional","","CIRP","","report"
"","","","","corporate insolvency resolution process","",""
"","","","","creditor","",""
"","","","","duties","",""
"","","","","insolvency","",""
"","","","","objections","",""
"","","","","objections by creditor and their examination by resolution professional","",""
"","","","","report","",""
"","","","","resolution plan","",""
"","","","","resolution professional","",""
"The Insolvency And Bankruptcy Code, 2016","87","Application against decision of resolution professional","","CIRP","application_form",""
"","","","","admission","order",""
"","","","","application","petition",""
"","","","","application against decision of resolution professional","",""
"","","","","application_form","",""
"","","","","corporate insolvency resolution process","",""
"","","","","insolvency","",""
"","","","","order","",""
"","","","","petition","",""
"","","","","rejection","",""
"","","","","resolution plan","",""
"","","","","resolution professional","",""
"","","","","submission","",""
"The Insolvency And Bankruptcy Code, 2016","88","General duties of debtor","","CIRP","",""
"","","","","corporate insolvency resolution process","",""
"","","","","debtor","",""
"","","","","duties","",""
"","","","","general duties of debtor","",""
"","","","","insolvency","",""
"","","","","resolution plan","",""
"The Insolvency And Bankruptcy Code, 2016","89","Replacement of resolution professional","","CIRP","appointment_letter",""
"","","","","appointment_letter","report",""
"","","","","corporate insolvency resolution process","",""
"","","","","duties","",""
"","","","","insolvency","",""
"","","","","replacement","",""
"","","","","replacement of resolution professional","",""
"","","","","report","",""
"","","","","resolution plan","",""
"","","","","resolution professional","",""
"The Insolvency And Bankruptcy Code, 2016","90","Directions for compliances of restrictions, etc.","","CIRP","",""
"","","","","compliances","",""
"","","","","corporate insolvency resolution process","",""
"","","","","directions","",""
"","","","","directions for compliances of restrictions, etc.","",""
"","","","","insolvency","",""
"","","","","restrictions","",""
"","","","","resolution plan","",""
"The Insolvency And Bankruptcy Code, 2016","91","Revocation of order admitting application","","CIRP","application_form",""
"","","","","admission","court_order",""
"","","","","application","order",""
"","","","","application_form","petition",""
"","","","","corporate insolvency resolution process","",""
"","","","","court_order","",""
"","","","","insolvency","",""
"","","","","order","",""
"","","","","petition","",""
"","","","","rejection","",""
"","","","","resolution plan","",""
"","","","","revocation of order admitting application","",""
"","","","","submission","",""
"The Insolvency And Bankruptcy Code, 2016","92","Discharge order","","CIRP","","court_order"
"","","","","corporate insolvency resolution process","",""
"","","","","court_order","",""
"","","","","debt discharge","",""
"","","","","discharge order","",""
"","","","","insolvency","",""
"","","","","order","",""
"","","","","resolution plan","",""
"The Insolvency And Bankruptcy Code, 2016","93","Standard of conduct","","CIRP","code_of_conduct",""
"","","","","code of conduct","company_policy",""
"","","","","company_policy","",""
"","","","","corporate insolvency resolution process","",""
"","","","","insolvency","",""
"","","","","resolution plan","",""
"","","","","standard of conduct","",""
"The Insolvency And Bankruptcy Code, 2016","94","Application by debtor to initiate insolvency resolution process","","CIRP","application_form",""
"","","","","admission","order",""
"","","","","application","petition",""
"","","","","application by debtor to initiate insolvency resolution process","",""
"","","","","application_form","",""
"","","","","corporate insolvency resolution process","",""
"","","","","debtor","",""
"","","","","eligibility","",""
"","","","","insolvency","",""
"","","","","insolvency resolution process","",""
"","","","","order","",""
"","","","","petition","",""
"","","","","rejection","",""
"","","","","resolution plan","",""
"","","","","submission","",""
"The Insolvency And Bankruptcy Code, 2016","95","Application by creditor to initiate insolvency resolution process","","CIRP","application_form",""
"","","","","admission","order",""
"","","","","application","petition",""
"","","","","application by creditor to initiate insolvency resolution process","",""
"","","","","application_form","",""
"","","","","corporate insolvency resolution process","",""
"","","","","creditor","",""
"","","","","eligibility","",""
"","","","","insolvency","",""
"","","","","insolvency resolution process","",""
"","","","","order","",""
"","","","","petition","",""
"","","","","rejection","",""
"","","","","resolution plan","",""
"","","","","submission","",""
"The Insolvency And Bankruptcy Code, 2016","96","Interim moratorium","","CIRP","","court_order"
"","","","","corporate insolvency resolution process","",""
"","","","","court_order","",""
"","","","","insolvency","",""
"","","","","interim moratorium","",""
"","","","","moratorium","",""
"","","","","resolution plan","",""
"The Insolvency And Bankruptcy Code, 2016","97","Appointment of resolution professional","","CIRP","appointment_letter",""
"","","","","appointment","report",""
"","","","","appointment_letter","",""
"","","","","corporate insolvency resolution process","",""
"","","","","duties","",""
"","","","","insolvency","",""
"","","","","report","",""
"","","","","resolution plan","",""
"","","","","resolution professional","",""
"The Insolvency And Bankruptcy Code, 2016","98","Replacement of resolution professional","","CIRP","appointment_letter",""
"","","","","appointment_letter","report",""
"","","","","corporate insolvency resolution process","",""
"","","","","duties","",""
"","","","","insolvency","",""
"","","","","replacement","",""
"","","","","replacement of resolution professional","",""
"","","","","report","",""
"","","","","resolution plan","",""
"","","","","resolution professional","",""
"The Insolvency And Bankruptcy Code, 2016","99","Submission of report by resolution professional","","CIRP","","report"
"","","","","corporate insolvency resolution process","",""
"","","","","duties","",""
"","","","","insolvency","",""
"","","","","report","",""
"","","","","resolution plan","",""
"","","","","resolution professional","",""
"","","","","submission","",""
"","","","","submission of report by resolution professional","",""
"The Insolvency And Bankruptcy Code, 2016","100","Admission or rejection of application","","CIRP","application_form",""
"","","","","admission","order",""
"","","","","admission or rejection of application","petition",""
"","","","","application","",""
"","","","","application_form","",""
"","","","","corporate insolvency resolution process","",""
"","","","","insolvency","",""
"","","","","order","",""
"","","","","petition","",""
"","","","","rejection","",""
"","","","","resolution plan","",""
"","","","","submission","",""
"The Insolvency And Bankruptcy Code, 2016","101","Moratorium","","CIRP","","court_order"
"","","","","corporate insolvency resolution process","",""
"","","","","court_order","",""
"","","","","insolvency","",""
"","","","","moratorium","",""
"","","","","resolution plan","",""
"The Insolvency And Bankruptcy Code, 2016","102","Public notice and claims from creditors","","CIRP","claim_form",""
"","","","","claim_form","public_notice",""
"","","","","claims","",""
"","","","","corporate insolvency resolution process","",""
"","","","","creditor","",""
"","","","","insolvency","",""
"","","","","public notice","",""
"","","","","public notice and claims from creditors","",""
"","","","","resolution plan","",""
"The Insolvency And Bankruptcy Code, 2016","103","Registering of claims by creditors","","CIRP","","claim_form"
"","","","","claim_form","",""
"","","","","claims","",""
"","","","","corporate insolvency resolution process","",""
"","","","","creditor","",""
"","","","","insolvency","",""
"","","","","registering of claims by creditors","",""
"","","","","resolution plan","",""
"The Insolvency And Bankruptcy Code, 2016","104","Preparation of list of creditors","","CIRP","","claim_form"
"","","","","claims","",""
"","","","","corporate insolvency resolution process","",""
"","","","","creditor","",""
"","","","","insolvency","",""
"","","","","list of creditors","",""
"","","","","preparation of list of creditors","",""
"","","","","resolution plan","",""
"The Insolvency And Bankruptcy Code, 2016","105","Repayment plan","","CIRP","","repayment_plan"
"","","","","corporate insolvency resolution process","",""
"","","","","debt","",""
"","","","","insolvency","",""
"","","","","repayment","",""
"","","","","repayment plan","",""
"","","","","repayment_plan","",""
"","","","","resolution plan","",""
"The Insolvency And Bankruptcy Code, 2016","106","Report of resolution professional on repayment plan","","CIRP","repayment_plan",""
"","","","","corporate insolvency resolution process","report",""
"","","","","insolvency","",""
"","","","","repayment plan","",""
"","","","","repayment_plan","",""
"","","","","report","",""
"","","","","report of resolution professional on repayment plan","",""
"","","","","resolution plan","",""
"","","","","resolution professional","",""
"The Insolvency And Bankruptcy Code, 2016","107","Summoning of meeting of creditors","","CIRP","",""
"","","","","corporate insolvency resolution process","",""
"","","","","creditor","",""
"","","","","insolvency","",""
"","","","","meeting of creditors","",""
"","","","","resolution plan","",""
"","","","","summoning of meeting of creditors","",""
"The Insolvency And Bankruptcy Code, 2016","108","Conduct of meeting of creditors","","CIRP","",""
"","","","","conduct of meeting of creditors","",""
"","","","","corporate insolvency resolution process","",""
"","","","","creditor","",""
"","","","","insolvency","",""
"","","","","meeting of creditors","",""
"","","","","resolution plan","",""
"The Insolvency And Bankruptcy Code, 2016","109","Voting rights in meeting of creditors","","CIRP","",""
"","","","","corporate insolvency resolution process","",""
"","","","","creditor","",""
"","","","","insolvency","",""
"","","","","meeting of creditors","",""
"","","","","resolution plan","",""
"","","","","voting rights","",""
"","","","","voting rights in meeting of creditors","",""
"The Insolvency And Bankruptcy Code, 2016","110","Rights of secured creditors in relation to repayment plan","","CIRP","","repayment_plan"
"","","","","corporate insolvency resolution process","",""
"","","","","creditor","",""
"","","","","insolvency","",""
"","","","","repayment plan","",""
"","","","","repayment_plan","",""
"","","","","resolution plan","",""
"","","","","rights of secured creditors in relation to repayment plan","",""
"","","","","secured creditors","",""
"The Insolvency And Bankruptcy Code, 2016","111","Approval of repayment plan by creditors","","CIRP","","repayment_plan"
"","","","","approval of repayment plan by creditors","",""
"","","","","corporate insolvency resolution process","",""
"","","","","creditor","",""
"","","","","insolvency","",""
"","","","","repayment plan","",""
"","","","","repayment_plan","",""
"","","","","resolution plan","",""
"The Insolvency And Bankruptcy Code, 2016","112","Report of meeting of creditors on repayment plan","","CIRP","repayment_plan",""
"","","","","corporate insolvency resolution process","report",""
"","","","","creditor","",""
"","","","","insolvency","",""
"","","","","meeting of creditors","",""
"","","","","repayment plan","",""
"","","","","repayment_plan","",""
"","","","","report","",""
"","","","","report of meeting of creditors on repayment plan","",""
"","","","","resolution plan","",""
"The Insolvency And Bankruptcy Code, 2016","113","Notice of decisions taken at meeting of creditors","","CIRP","",""
"","","","","corporate insolvency resolution process","",""
"","","","","creditor","",""
"","","","","insolvency","",""
"","","","","meeting of creditors","",""
"","","","","notice","",""
"","","","","notice of decisions taken at meeting of creditors","",""
"","","","","resolution plan","",""
"The Insolvency And Bankruptcy Code, 2016","114","Order of Adjudicating Authority on repayment plan","","Adjudicating Authority","court_order",""
"","","","","CIRP","order",""
"","","","","corporate insolvency resolution process","repayment_plan",""
"","","","","court_order","",""
"","","","","insolvency","",""
"","","","","NCLT","",""
"","","","","order","",""
"","","","","order of adjudicating authority on repayment plan","",""
"","","","","repayment plan","",""
"","","","","repayment_plan","",""
"","","","","resolution plan","",""
"The Insolvency And Bankruptcy Code, 2016","115","Effect of order of Adjudicating Authority on repayment plan","","Adjudicating Authority","court_order",""
"","","","","CIRP","order",""
"","","","","corporate insolvency resolution process","repayment_plan",""
"","","","","court_order","",""
"","","","","effect of order of adjudicating authority on repayment plan","",""
"","","","","insolvency","",""
"","","","","NCLT","",""
"","","","","order","",""
"","","","","repayment plan","",""
"","","","","repayment_plan","",""
"","","","","resolution plan","",""
"The Insolvency And Bankruptcy Code, 2016","116","Implementation and supervision of repayment plan","","CIRP","","repayment_plan"
"","","","","corporate insolvency resolution process","",""
"","","","","implementation","",""
"","","","","implementation and supervision of repayment plan","",""
"","","","","insolvency","",""
"","","","","repayment plan","",""
"","","","","repayment_plan","",""
"","","","","resolution plan","",""
"","","","","supervision","",""
"The Insolvency And Bankruptcy Code, 2016","117","Completion of repayment plan","","CIRP","","repayment_plan"
"","","","","completion","",""
"","","","","completion of repayment plan","",""
"","","","","corporate insolvency resolution process","",""
"","","","","insolvency","",""
"","","","","repayment plan","",""
"","","","","repayment_plan","",""
"","","","","resolution plan","",""
"The Insolvency And Bankruptcy Code, 2016","118","Repayment plan coming to end prematurely","","CIRP","","repayment_plan"
"","","","","corporate insolvency resolution process","",""
"","","","","insolvency","",""
"","","","","premature end","",""
"","","","","repayment plan","",""
"","","","","repayment plan coming to end prematurely","",""
"","","","","repayment_plan","",""
"","","","","resolution plan","",""
"The Insolvency And Bankruptcy Code, 2016","119","Discharge order","","CIRP","","court_order"
"","","","","corporate insolvency resolution process","",""
"","","","","court_order","",""
"","","","","debt discharge","",""
"","","","","discharge order","",""
"","","","","insolvency","",""
"","","","","order","",""
"","","","","resolution plan","",""
"The Insolvency And Bankruptcy Code, 2016","120","Standard of conduct","","CIRP","code_of_conduct",""
"","","","","code of conduct","company_policy",""
"","","","","company_policy","",""
"","","","","corporate insolvency resolution process","",""
"","","","","insolvency","",""
"","","","","resolution plan","",""
"","","","","standard of conduct","",""
"The Insolvency And Bankruptcy Code, 2016","121","Application for bankruptcy","","CIRP","application_form",""
"","","","","admission","bankruptcy_application",""
"","","","","application","order",""
"","","","","application for bankruptcy","petition",""
"","","","","application_form","",""
"","","","","bankruptcy","",""
"","","","","bankruptcy_application","",""
"","","","","corporate insolvency resolution process","",""
"","","","","eligibility","",""
"","","","","insolvency","",""
"","","","","order","",""
"","","","","petition","",""
"","","","","rejection","",""
"","","","","resolution plan","",""
"","","","","submission","",""
"The Insolvency And Bankruptcy Code, 2016","122","Application by debtor","","CIRP","application_form",""
"","","","","admission","bankruptcy_application",""
"","","","","application","order",""
"","","","","application by debtor","petition",""
"","","","","application_form","",""
"","","","","bankruptcy","",""
"","","","","bankruptcy_application","",""
"","","","","corporate insolvency resolution process","",""
"","","","","debtor","",""
"","","","","eligibility","",""
"","","","","insolvency","",""
"","","","","order","",""
"","","","","petition","",""
"","","","","rejection","",""
"","","","","resolution plan","",""
"","","","","submission","",""
"The Insolvency And Bankruptcy Code, 2016","123","Application by creditor","","CIRP","application_form",""
"","","","","admission","bankruptcy_application",""
"","","","","application","order",""
"","","","","application by creditor","petition",""
"","","","","application_form","",""
"","","","","bankruptcy","",""
"","","","","bankruptcy_application","",""
"","","","","corporate insolvency resolution process","",""
"","","","","creditor","",""
"","","","","eligibility","",""
"","","","","insolvency","",""
"","","","","order","",""
"","","","","petition","",""
"","","","","rejection","",""
"","","","","resolution plan","",""
"","","","","submission","",""
"The Insolvency And Bankruptcy Code, 2016","124","Effect of application","","CIRP","application_form",""
"","","","","admission","order",""
"","","","","application","petition",""
"","","","","application_form","",""
"","","","","bankruptcy","",""
"","","","","corporate insolvency resolution process","",""
"","","","","effect of application","",""
"","","","","insolvency","",""
"","","","","order","",""
"","","","","petition","",""
"","","","","rejection","",""
"","","","","resolution plan","",""
"","","","","submission","",""
"The Insolvency And Bankruptcy Code, 2016","125","Appointment of insolvency professional as bankruptcy trustee","","CIRP","appointment_letter",""
"","","","","appointment","report",""
"","","","","appointment_letter","",""
"","","","","bankruptcy","",""
"","","","","bankruptcy trustee","",""
"","","","","corporate insolvency resolution process","",""
"","","","","duties","",""
"","","","","insolvency","",""
"","","","","insolvency professional","",""
"","","","","report","",""
"","","","","resolution plan","",""
"The Insolvency And Bankruptcy Code, 2016","126","Bankruptcy order","","CIRP","court_order",""
"","","","","bankruptcy","order",""
"","","","","corporate insolvency resolution process","",""
"","","","","court_order","",""
"","","","","insolvency","",""
"","","","","order","",""
"","","","","resolution plan","",""
"The Insolvency And Bankruptcy Code, 2016","127","Validity of bankruptcy order","","CIRP","court_order",""
"","","","","bankruptcy","order",""
"","","","","corporate insolvency resolution process","",""
"","","","","court_order","",""
"","","","","insolvency","",""
"","","","","order","",""
"","","","","resolution plan","",""
"","","","","validity of bankruptcy order","",""
"The Insolvency And Bankruptcy Code, 2016","128","Effect of bankruptcy order","","CIRP","court_order",""
"","","","","bankruptcy","order",""
"","","","","corporate insolvency resolution process","",""
"","","","","court_order","",""
"","","","","effect of bankruptcy order","",""
"","","","","insolvency","",""
"","","","","order","",""
"","","","","resolution plan","",""
"The Insolvency And Bankruptcy Code, 2016","129","Statement of financial position","","CIRP","","financial_statement"
"","","","","bankruptcy","",""
"","","","","corporate insolvency resolution process","",""
"","","","","financial position","",""
"","","","","insolvency","",""
"","","","","resolution plan","",""
"","","","","statement of financial position","",""
"The Insolvency And Bankruptcy Code, 2016","130","Public notice inviting claims from creditors","","CIRP","claim_form",""
"","","","","bankruptcy","public_notice",""
"","","","","claim_form","",""
"","","","","claims","",""
"","","","","corporate insolvency resolution process","",""
"","","","","creditor","",""
"","","","","insolvency","",""
"","","","","public notice","",""
"","","","","public notice inviting claims from creditors","",""
"","","","","resolution plan","",""
"The Insolvency And Bankruptcy Code, 2016","131","Registration of claims","","CIRP","","claim_form"
"","","","","bankruptcy","",""
"","","","","claim_form","",""
"","","","","claims","",""
"","","","","corporate insolvency resolution process","",""
"","","","","insolvency","",""
"","","","","registration of claims","",""
"","","","","resolution plan","",""
"The Insolvency And Bankruptcy Code, 2016","132","Preparation of list of creditors","","CIRP","","claim_form"
"","","","","bankruptcy","",""
"","","","","claims","",""
"","","","","corporate insolvency resolution process","",""
"","","","","creditor","",""
"","","","","insolvency","",""
"","","","","list of creditors","",""
"","","","","preparation of list of creditors","",""
"","","","","resolution plan","",""
"The Insolvency And Bankruptcy Code, 2016","133","Summoning of meeting of creditors","","CIRP","",""
"","","","","bankruptcy","",""
"","","","","corporate insolvency resolution process","",""
"","","","","creditor","",""
"","","","","insolvency","",""
"","","","","meeting of creditors","",""
"","","","","resolution plan","",""
"","","","","summoning of meeting of creditors","",""
"The Insolvency And Bankruptcy Code, 2016","134","Conduct of meeting of creditors","","CIRP","",""
"","","","","bankruptcy","",""
"","","","","conduct of meeting of creditors","",""
"","","","","corporate insolvency resolution process","",""
"","","","","creditor","",""
"","","","","insolvency","",""
"","","","","meeting of creditors","",""
"","","","","resolution plan","",""
"The Insolvency And Bankruptcy Code, 2016","135","Voting rights of creditors","","CIRP","",""
"","","","","bankruptcy","",""
"","","","","corporate insolvency resolution process","",""
"","","","","creditor","",""
"","","","","insolvency","",""
"","","","","meeting of creditors","",""
"","","","","resolution plan","",""
"","","","","voting rights","",""
"","","","","voting rights of creditors","",""
"The Insolvency And Bankruptcy Code, 2016","136","Administration and distribution of estate of bankruptcy","","CIRP","","estate_documents"
"","","","","administration and distribution of estate of bankruptcy","",""
"","","","","bankruptcy","",""
"","","","","corporate insolvency resolution process","",""
"","","","","estate administration","",""
"","","","","estate_documents","",""
"","","","","insolvency","",""
"","","","","resolution plan","",""
"The Insolvency And Bankruptcy Code, 2016","137","Completion of administration","","CIRP","","estate_documents"
"","","","","administration","",""
"","","","","bankruptcy","",""
"","","","","completion of administration","",""
"","","","","corporate insolvency resolution process","",""
"","","","","estate administration","",""
"","","","","estate_documents","",""
"","","","","insolvency","",""
"","","","","resolution plan","",""
"The Insolvency And Bankruptcy Code, 2016","138","Discharge order","","CIRP","","court_order"
"","","","","bankruptcy","",""
"","","","","corporate insolvency resolution process","",""
"","","","","court_order","",""
"","","","","debt discharge","",""
"","","","","discharge order","",""
"","","","","insolvency","",""
"","","","","order","",""
"","","","","resolution plan","",""
"The Insolvency And Bankruptcy Code, 2016","139","Effect of discharge","","CIRP","","court_order"
"","","","","bankruptcy","",""
"","","","","corporate insolvency resolution process","",""
"","","","","court_order","",""
"","","","","debt discharge","",""
"","","","","discharge order","",""
"","","","","effect of discharge","",""
"","","","","insolvency","",""
"","","","","order","",""
"","","","","resolution plan","",""
"The Insolvency And Bankruptcy Code, 2016","140","Disqualification of bankrupt","","CIRP","",""
"","","","","bankrupt","",""
"","","","","bankruptcy","",""
"","","","","corporate insolvency resolution process","",""
"","","","","disqualification","",""
"","","","","disqualification of bankrupt","",""
"","","","","insolvency","",""
"","","","","resolution plan","",""
"The Insolvency And Bankruptcy Code, 2016","141","Restrictions on bankrupt","","CIRP","",""
"","","","","bankrupt","",""
"","","","","bankruptcy","",""
"","","","","corporate insolvency resolution process","",""
"","","","","insolvency","",""
"","","","","resolution plan","",""
"","","","","restrictions","",""
"","","","","restrictions on bankrupt","",""
"The Insolvency And Bankruptcy Code, 2016","142","Modification or recall of bankruptcy order","","CIRP","court_order",""
"","","","","bankruptcy","order",""
"","","","","corporate insolvency resolution process","",""
"","","","","court_order","",""
"","","","","insolvency","",""
"","","","","modification or recall of bankruptcy order","",""
"","","","","order","",""
"","","","","recall","",""
"","","","","resolution plan","",""
"The Insolvency And Bankruptcy Code, 2016","143","Standard of conduct","","CIRP","code_of_conduct",""
"","","","","bankruptcy","company_policy",""
"","","","","code of conduct","",""
"","","","","company_policy","",""
"","","","","corporate insolvency resolution process","",""
"","","","","insolvency","",""
"","","","","resolution plan","",""
"","","","","standard of conduct","",""
"The Insolvency And Bankruptcy Code, 2016","144","Fees of bankruptcy trustee","","CIRP","",""
"","","","","bankruptcy","",""
"","","","","bankruptcy trustee","",""
"","","","","corporate insolvency resolution process","",""
"","","","","fees","",""
"","","","","fees of bankruptcy trustee","",""
"","","","","insolvency","",""
"","","","","resolution plan","",""
"The Insolvency And Bankruptcy Code, 2016","145","Replacement of bankruptcy trustee","","CIRP","appointment_letter",""
"","","","","appointment_letter","estate_documents",""
"","","","","bankruptcy","",""
"","","","","bankruptcy trustee","",""
"","","","","corporate insolvency resolution process","",""
"","","","","duties","",""
"","","","","insolvency","",""
"","","","","replacement","",""
"","","","","replacement of bankruptcy trustee","",""
"","","","","resolution plan","",""
"The Insolvency And Bankruptcy Code, 2016","146","Resignation by bankruptcy trustee","","CIRP","",""
"","","","","bankruptcy","",""
"","","","","bankruptcy trustee","",""
"","","","","corporate insolvency resolution process","",""
"","","","","insolvency","",""
"","","","","resignation","",""
"","","","","resignation by bankruptcy trustee","",""
"","","","","resolution plan","",""
"The Insolvency And Bankruptcy Code, 2016","147","Vacancy in office of bankruptcy trustee","","CIRP","",""
"","","","","bankruptcy","",""
"","","","","bankruptcy trustee","",""
"","","","","corporate insolvency resolution process","",""
"","","","","insolvency","",""
"","","","","resolution plan","",""
"","","","","vacancy","",""
"","","","","vacancy in office of bankruptcy trustee","",""
"The Insolvency And Bankruptcy Code, 2016","148","Release of bankruptcy trustee","","CIRP","",""
"","","","","bankruptcy","",""
"","","","","bankruptcy trustee","",""
"","","","","corporate insolvency resolution process","",""
"","","","","insolvency","",""
"","","","","release","",""
"","","","","release of bankruptcy trustee","",""
"","","","","resolution plan","",""
"The Insolvency And Bankruptcy Code, 2016","149","Functions of bankruptcy trustee","","CIRP","","estate_documents"
"","","","","bankruptcy","",""
"","","","","bankruptcy trustee","",""
"","","","","corporate insolvency resolution process","",""
"","","","","duties","",""
"","","","","functions","",""
"","","","","functions of bankruptcy trustee","",""
"","","","","insolvency","",""
"","","","","resolution plan","",""
"The Insolvency And Bankruptcy Code, 2016","150","Duties of bankrupt towards bankruptcy trustee","","CIRP","","estate_documents"
"","","","","bankrupt","",""
"","","","","bankruptcy","",""
"","","","","bankruptcy trustee","",""
"","","","","corporate insolvency resolution process","",""
"","","","","duties","",""
"","","","","duties of bankrupt towards bankruptcy trustee","",""
"","","","","insolvency","",""
"","","","","resolution plan","",""
"The Insolvency And Bankruptcy Code, 2016","151","Rights of bankruptcy trustee","","CIRP","","estate_documents"
"","","","","bankruptcy","",""
"","","","","bankruptcy trustee","",""
"","","","","corporate insolvency resolution process","",""
"","","","","insolvency","",""
"","","","","resolution plan","",""
"","","","","rights","",""
"","","","","rights of bankruptcy trustee","",""
"The Insolvency And Bankruptcy Code, 2016","152","General powers of bankruptcy trustee","","CIRP","","estate_documents"
"","","","","bankruptcy","",""
"","","","","bankruptcy trustee","",""
"","","","","corporate insolvency resolution process","",""
"","","","","general powers of bankruptcy trustee","",""
"","","","","insolvency","",""
"","","","","powers","",""
"","","","","resolution plan","",""
"The Insolvency And Bankruptcy Code, 2016","153","Approval of creditors for certain acts","","CIRP","",""
"","","","","approval of creditors for certain acts","",""
"","","","","bankruptcy","",""
"","","","","corporate insolvency resolution process","",""
"","","","","creditor","",""
"","","","","insolvency","",""
"","","","","resolution plan","",""
"The Insolvency And Bankruptcy Code, 2016","154","Vesting of estate of bankrupt in bankruptcy trustee","","CIRP","","estate_documents"
"","","","","bankrupt","",""
"","","","","bankruptcy","",""
"","","","","bankruptcy trustee","",""
"","","","","corporate insolvency resolution process","",""
"","","","","estate of bankrupt","",""
"","","","","insolvency","",""
"","","","","resolution plan","",""
"","","","","vesting","",""
"","","","","vesting of estate of bankrupt in bankruptcy trustee","",""
"The Insolvency And Bankruptcy Code, 2016","155","Estate of bankrupt","","CIRP","","estate_documents"
"","","","","bankrupt","",""
"","","","","bankruptcy","",""
"","","","","corporate insolvency resolution process","",""
"","","","","estate of bankrupt","",""
"","","","","insolvency","",""
"","","","","resolution plan","",""
"The Insolvency And Bankruptcy Code, 2016","156","Delivery of property and documents to bankruptcy trustee","","CIRP","","estate_documents"
"","","","","bankruptcy","",""
"","","","","bankruptcy trustee","",""
"","","","","corporate insolvency resolution process","",""
"","","","","delivery of property and documents to bankruptcy trustee","",""
"","","","","documents","",""
"","","","","insolvency","",""
"","","","","property","",""
"","","","","resolution plan","",""
"The Insolvency And Bankruptcy Code, 2016","157","Acquisition of control by bankruptcy trustee","","CIRP","","estate_documents"
"","","","","acquisition of control by bankruptcy trustee","",""
"","","","","bankruptcy","",""
"","","","","bankruptcy trustee","",""
"","","","","control","",""
"","","","","corporate insolvency resolution process","",""
"","","","","insolvency","",""
"","","","","resolution plan","",""
"The Insolvency And Bankruptcy Code, 2016","158","Restrictions on disposition of property","","CIRP","",""
"","","","","bankruptcy","",""
"","","","","corporate insolvency resolution process","",""
"","","","","disposition of property","",""
"","","","","insolvency","",""
"","","","","property","",""
"","","","","resolution plan","",""
"","","","","restrictions","",""
"","","","","restrictions on disposition of property","",""
"The Insolvency And Bankruptcy Code, 2016","159","After-acquired property of bankrupt","","CIRP","","estate_documents"
"","","","","after-acquired property of bankrupt","",""
"","","","","bankrupt","",""
"","","","","bankruptcy","",""
"","","","","corporate insolvency resolution process","",""
"","","","","insolvency","",""
"","","","","property","",""
"","","","","resolution plan","",""
"The Insolvency And Bankruptcy Code, 2016","160","Onerous property of bankrupt","","CIRP","","estate_documents"
"","","","","bankrupt","",""
"","","","","bankruptcy","",""
"","","","","corporate insolvency resolution process","",""
"","","","","insolvency","",""
"","","","","onerous property","",""
"","","","","onerous property of bankrupt","",""
"","","","","property","",""
"","","","","resolution plan","",""
"The Insolvency And Bankruptcy Code, 2016","161","Notice to disclaim onerous property","","CIRP","",""
"","","","","bankruptcy","",""
"","","","","corporate insolvency resolution process","",""
"","","","","disclaim","",""
"","","","","insolvency","",""
"","","","","notice","",""
"","","","","notice to disclaim onerous property","",""
"","","","","onerous property","",""
"","","","","property","",""
"","","","","resolution plan","",""
"The Insolvency And Bankruptcy Code, 2016","162","Disclaimer of leaseholds","","CIRP","",""
"","","","","bankruptcy","",""
"","","","","corporate insolvency resolution process","",""
"","","","","disclaimer of leaseholds","",""
"","","","","insolvency","",""
"","","","","leaseholds","",""
"","","","","resolution plan","",""
"The Insolvency And Bankruptcy Code, 2016","163","Challenge against disclaimed property","","CIRP","",""
"","","","","bankruptcy","",""
"","","","","challenge against disclaimed property","",""
"","","","","corporate insolvency resolution process","",""
"","","","","disclaimed property","",""
"","","","","insolvency","",""
"","","","","property","",""
"","","","","resolution plan","",""
"The Insolvency And Bankruptcy Code, 2016","164","Undervalued transactions","","CIRP","",""
"","","","","bankruptcy","",""
"","","","","corporate insolvency resolution process","",""
"","","","","insolvency","",""
"","","","","resolution plan","",""
"","","","","transactions","",""
"","","","","undervalued transactions","",""
"The Insolvency And Bankruptcy Code, 2016","165","Preference transactions","","CIRP","",""
"","","","","bankruptcy","",""
"","","","","corporate insolvency resolution process","",""
"","","","","insolvency","",""
"","","","","preference transactions","",""
"","","","","resolution plan","",""
"","","","","transactions","",""
"The Insolvency And Bankruptcy Code, 2016","166","Effect of order","","CIRP","court_order",""
"","","","","bankruptcy","order",""
"","","","","corporate insolvency resolution process","",""
"","","","","court_order","",""
"","","","","effect of order","",""
"","","","","insolvency","",""
"","","","","order","",""
"","","","","resolution plan","",""
"The Insolvency And Bankruptcy Code, 2016","167","Extortionate credit transactions","","CIRP","","loan_agreement"
"","","","","bankruptcy","",""
"","","","","corporate insolvency resolution process","",""
"","","","","credit","",""
"","","","","credit transactions","",""
"","","","","extortionate credit transactions","",""
"","","","","insolvency","",""
"","","","","loan_agreement","",""
"","","","","resolution plan","",""
"The Insolvency And Bankruptcy Code, 2016","168","Obligations under contracts","","CIRP","","contract"
"","","","","bankruptcy","",""
"","","","","contract","",""
"","","","","corporate insolvency resolution process","",""
"","","","","insolvency","",""
"","","","","obligations","",""
"","","","","obligations under contracts","",""
"","","","","resolution plan","",""
"The Insolvency And Bankruptcy Code, 2016","169","Continuance of proceedings on death of bankrupt","","CIRP","",""
"","","","","bankrupt","",""
"","","","","bankruptcy","",""
"","","","","continuance of proceedings on death of bankrupt","",""
"","","","","corporate insolvency resolution process","",""
"","","","","death","",""
"","","","","insolvency","",""
"","","","","proceedings","",""
"","","","","resolution plan","",""
"The Insolvency And Bankruptcy Code, 2016","170","Administration of estate of deceased bankrupt","","CIRP","","estate_documents"
"","","","","administration of estate of deceased bankrupt","",""
"","","","","bankrupt","",""
"","","","","bankruptcy","",""
"","","","","corporate insolvency resolution process","",""
"","","","","deceased bankrupt","",""
"","","","","estate administration","",""
"","","","","estate_documents","",""
"","","","","insolvency","",""
"","","","","resolution plan","",""
"The Insolvency And Bankruptcy Code, 2016","171","Proof of debt","","CIRP","","claim_form"
"","","","","bankruptcy","",""
"","","","","claim_form","",""
"","","","","corporate insolvency resolution process","",""
"","","","","debt","",""
"","","","","insolvency","",""
"","","","","proof of debt","",""
"","","","","resolution plan","",""
"The Insolvency And Bankruptcy Code, 2016","172","Proof of debt by secured creditors","","CIRP","","claim_form"
"","","","","bankruptcy","",""
"","","","","claim_form","",""
"","","","","corporate insolvency resolution process","",""
"","","","","creditor","",""
"","","","","debt","",""
"","","","","insolvency","",""
"","","","","proof of debt","",""
"","","","","proof of debt by secured creditors","",""
"","","","","resolution plan","",""
"","","","","secured creditors","",""
"The Insolvency And Bankruptcy Code, 2016","173","Mutual credit and set-off","","CIRP","",""
"","","","","bankruptcy","",""
"","","","","corporate insolvency resolution process","",""
"","","","","credit","",""
"","","","","insolvency","",""
"","","","","mutual credit","",""
"","","","","mutual credit and set-off","",""
"","","","","resolution plan","",""
"","","","","set-off","",""
"The Insolvency And Bankruptcy Code, 2016","174","Distribution of interim dividend","","CIRP","",""
"","","","","bankruptcy","",""
"","","","","corporate insolvency resolution process","",""
"","","","","distribution of interim dividend","",""
"","","","","dividend","",""
"","","","","insolvency","",""
"","","","","resolution plan","",""
"The Insolvency And Bankruptcy Code, 2016","175","Distribution of property","","CIRP","",""
"","","","","bankruptcy","",""
"","","","","corporate insolvency resolution process","",""
"","","","","distribution of property","",""
"","","","","insolvency","",""
"","","","","property","",""
"","","","","resolution plan","",""
"The Insolvency And Bankruptcy Code, 2016","176","Final dividend","","CIRP","",""
"","","","","bankruptcy","",""
"","","","","corporate insolvency resolution process","",""
"","","","","dividend","",""
"","","","","final dividend","",""
"","","","","insolvency","",""
"","","","","resolution plan","",""
"The Insolvency And Bankruptcy Code, 2016","177","Claims of creditors","","CIRP","","claim_form"
"","","","","bankruptcy","",""
"","","","","claim_form","",""
"","","","","claims","",""
"","","","","claims of creditors","",""
"","","","","corporate insolvency resolution process","",""
"","","","","creditor","",""
"","","","","insolvency","",""
"","","","","resolution plan","",""
"The Insolvency And Bankruptcy Code, 2016","178","Priority of payment of debts","","CIRP","","repayment_plan"
"","","","","bankruptcy","",""
"","","","","corporate insolvency resolution process","",""
"","","","","debt","",""
"","","","","insolvency","",""
"","","","","payment of debts","",""
"","","","","priority of payment of debts","",""
"","","","","repayment","",""
"","","","","resolution plan","",""
"The Insolvency And Bankruptcy Code, 2016","179","Adjudicating authority for individuals and partnership firms","","Adjudicating Authority","court_order",""
"","","","","CIRP","appeal",""
"","","","","corporate insolvency resolution process","",""
"","","","","DRT","",""
"","","","","individuals","",""
"","","","","insolvency","",""
"","","","","NCLT","",""
"","","","","order","",""
"","","","","partnership firms","",""
"","","","","resolution plan","",""
"The Insolvency And Bankruptcy Code, 2016","180","Civil court not to have jurisdiction","","CIRP","","court_order"
"","","","","civil court","",""
"","","","","corporate insolvency resolution process","",""
"","","","","court_order","",""
"","","","","insolvency","",""
"","","","","jurisdiction","",""
"","","","","resolution plan","",""
"The Insolvency And Bankruptcy Code, 2016","181","Appeal to Debt Recovery Appellate Tribunal","","CIRP","","appeal"
"","","","","appeal","",""
"","","","","appeal to debt recovery appellate tribunal","",""
"","","","","appellate tribunal","",""
"","","","","corporate insolvency resolution process","",""
"","","","","debt recovery appellate tribunal","",""
"","","","","insolvency","",""
"","","","","resolution plan","",""
"The Insolvency And Bankruptcy Code, 2016","182","Appeal to Supreme Court","","CIRP","","appeal"
"","","","","appeal","",""
"","","","","appeal to supreme court","",""
"","","","","appellate tribunal","",""
"","","","","corporate insolvency resolution process","",""
"","","","","insolvency","",""
"","","","","resolution plan","",""
"","","","","supreme court","",""
"The Insolvency And Bankruptcy Code, 2016","183","Expeditious disposal of applications","","CIRP","application_form",""
"","","","","admission","order",""
"","","","","application","petition",""
"","","","","application_form","",""
"","","","","corporate insolvency resolution process","",""
"","","","","expeditious disposal of applications","",""
"","","","","insolvency","",""
"","","","","order","",""
"","","","","petition","",""
"","","","","rejection","",""
"","","","","resolution plan","",""
"","","","","submission","",""
"The Insolvency And Bankruptcy Code, 2016","184","Punishment for false information, etc., by creditor in insolvency resolution process","","CIRP","criminal_complaint",""
"","","","","corporate insolvency resolution process","court_order",""
"","","","","creditor","legal_notice",""
"","","","","false information","regulatory_filing",""
"","","","","insolvency","",""
"","","","","insolvency resolution process","",""
"","","","","offence","",""
"","","","","penalty","",""
"","","","","punishment","",""
"","","","","punishment for false information, etc., by creditor in insolvency resolution process","",""
"","","","","resolution plan","",""
"The Insolvency And Bankruptcy Code, 2016","185","Punishment for contravention of provisions","","CIRP","criminal_complaint",""
"","","","","contravention","court_order",""
"","","","","corporate insolvency resolution process","legal_notice",""
"","","","","insolvency","regulatory_filing",""
"","","","","offence","",""
"","","","","penalty","",""
"","","","","punishment","",""
"","","","","punishment for contravention of provisions","",""
"","","","","resolution plan","",""
"The Insolvency And Bankruptcy Code, 2016","186","Punishment for false information, concealment, etc., by bankrupt","","CIRP","criminal_complaint",""
"","","","","bankrupt","court_order",""
"","","","","bankruptcy","legal_notice",""
"","","","","concealment","regulatory_filing",""
"","","","","corporate insolvency resolution process","",""
"","","","","false information","",""
"","","","","insolvency","",""
"","","","","offence","",""
"","","","","penalty","",""
"","","","","punishment","",""
"","","","","punishment for false information, concealment, etc., by bankrupt","",""
"","","","","resolution plan","",""
"The Insolvency And Bankruptcy Code, 2016","187","Punishment for certain actions","","CIRP","criminal_complaint",""
"","","","","corporate insolvency resolution process","court_order",""
"","","","","insolvency","legal_notice",""
"","","","","offence","regulatory_filing",""
"","","","","penalty","",""
"","","","","punishment","",""
"","","","","punishment for certain actions","",""
"","","","","resolution plan","",""
"The Insolvency And Bankruptcy Code, 2016","188","Establishment and incorporation of Board","","Board","board_meeting_minutes",""
"","","","","CIRP","notification",""
"","","","","constitution","regulatory_filing",""
"","","","","corporate insolvency resolution process","",""
"","","","","establishment and incorporation of board","",""
"","","","","insolvency","",""
"","","","","Insolvency and Bankruptcy Board of India","",""
"","","","","resolution plan","",""
"","","","","regulatory authority","",""
"The Insolvency And Bankruptcy Code, 2016","189","Constitution of Board","","Board","board_meeting_minutes",""
"","","","","CIRP","notification",""
"","","","","constitution","regulatory_filing",""
"","","","","constitution of board","",""
"","","","","corporate insolvency resolution process","",""
"","","","","insolvency","",""
"","","","","Insolvency and Bankruptcy Board of India","",""
"","","","","regulatory authority","",""
"","","","","resolution plan","",""
"The Insolvency And Bankruptcy Code, 2016","190","Removal of member from office","","Board","board_meeting_minutes",""
"","","","","CIRP","notification",""
"","","","","corporate insolvency resolution process","regulatory_filing",""
"","","","","insolvency","",""
"","","","","Insolvency and Bankruptcy Board of India","",""
"","","","","removal of member from office","",""
"","","","","resolution plan","",""
"The Insolvency And Bankruptcy Code, 2016","191","Powers of Chairperson","","Board","board_meeting_minutes",""
"","","","","CIRP","notification",""
"","","","","chairperson","regulatory_filing",""
"","","","","corporate insolvency resolution process","",""
"","","","","insolvency","",""
"","","","","Insolvency and Bankruptcy Board of India","",""
"","","","","powers","",""
"","","","","powers of chairperson","",""
"","","","","regulatory authority","",""
"","","","","resolution plan","",""
"The Insolvency And Bankruptcy Code, 2016","192","Meetings of Board","","Board","board_meeting_minutes",""
"","","","","CIRP","regulatory_filing",""
"","","","","corporate insolvency resolution process","",""
"","","","","insolvency","",""
"","","","","Insolvency and Bankruptcy Board of India","",""
"","","","","meetings","",""
"","","","","meetings of board","",""
"","","","","regulatory authority","",""
"","","","","resolution plan","",""
"The Insolvency And Bankruptcy Code, 2016","193","Member not to participate in meetings in certain cases","","Board","board_meeting_minutes",""
"","","","","CIRP","regulatory_filing",""
"","","","","corporate insolvency resolution process","",""
"","","","","insolvency","",""
"","","","","Insolvency and Bankruptcy Board of India","",""
"","","","","member not to participate in meetings in certain cases","",""
"","","","","meetings","",""
"","","","","regulatory authority","",""
"","","","","resolution plan","",""
"The Insolvency And Bankruptcy Code, 2016","194","Vacancies, etc., not to invalidate proceedings of Board, Officers and employees of Board","","Board","board_meeting_minutes",""
"","","","","CIRP","regulatory_filing",""
"","","","","corporate insolvency resolution process","",""
"","","","","employees","",""
"","","","","insolvency","",""
"","","","","Insolvency and Bankruptcy Board of India","",""
"","","","","officers","",""
"","","","","regulatory authority","",""
"","","","","resolution plan","",""
"","","","","vacancies","",""
"","","","","vacancies, etc., not to invalidate proceedings of board, officers and employees of board","",""
"The Insolvency And Bankruptcy Code, 2016","195","Power to designate financial sector regulator","","CIRP","regulatory_filing",""
"","","","","corporate insolvency resolution process","regulatory_notification",""
"","","","","designate financial sector regulator","",""
"","","","","financial service providers","",""
"","","","","insolvency","",""
"","","","","power to designate financial sector regulator","",""
"","","","","regulator","",""
"","","","","regulatory authority","",""
"","","","","regulatory_notification","",""
"","","","","resolution plan","",""
"The Insolvency And Bankruptcy Code, 2016","196","Powers and functions of Board","","Board","board_meeting_minutes",""
"","","","","CIRP","notification",""
"","","","","corporate insolvency resolution process","regulatory_filing",""
"","","","","functions","",""
"","","","","insolvency","",""
"","","","","Insolvency and Bankruptcy Board of India","",""
"","","","","powers","",""
"","","","","powers and functions of board","",""
"","","","","regulatory authority","",""
"","","","","resolution plan","",""
"The Insolvency And Bankruptcy Code, 2016","197","Constitution of advisory committee, executive committee or other committee","","Board","board_meeting_minutes",""
"","","","","CIRP","regulatory_filing",""
"","","","","advisory committee","",""
"","","","","constitution","",""
"","","","","constitution of advisory committee, executive committee or other committee","",""
"","","","","corporate insolvency resolution process","",""
"","","","","executive committee","",""
"","","","","insolvency","",""
"","","","","Insolvency and Bankruptcy Board of India","",""
"","","","","regulatory authority","",""
"","","","","resolution plan","",""
"The Insolvency And Bankruptcy Code, 2016","198","Condonation of delay","","CIRP","",""
"","","","","condonation of delay","",""
"","","","","corporate insolvency resolution process","",""
"","","","","insolvency","",""
"","","","","resolution plan","",""
"The Insolvency And Bankruptcy Code, 2016","199","No person to function as insolvency professional agency without valid certificate of registration","","CIRP","registration_certificate",""
"","","","","certificate of registration","regulatory_filing",""
"","","","","corporate insolvency resolution process","",""
"","","","","insolvency","",""
"","","","","insolvency professional agency","",""
"","","","","no person to function as insolvency professional agency without valid certificate of registration","",""
"","","","","registration","",""
"","","","","registration_certificate","",""
"","","","","regulatory_filing","",""
"","","","","resolution plan","",""
"The Insolvency And Bankruptcy Code, 2016","200","Principles governing registration of insolvency professional agency","","CIRP","registration_certificate",""
"","","","","corporate insolvency resolution process","regulatory_filing",""
"","","","","insolvency","",""
"","","","","insolvency professional agency","",""
"","","","","principles governing registration of insolvency professional agency","",""
"","","","","registration","",""
"","","","","registration_certificate","",""
"","","","","regulatory_filing","",""
"","","","","resolution plan","",""
"The Insolvency And Bankruptcy Code, 2016","201","Registration of insolvency professional agency","","CIRP","registration_certificate",""
"","","","","corporate insolvency resolution process","regulatory_filing",""
"","","","","insolvency","",""
"","","","","insolvency professional agency","",""
"","","","","registration","",""
"","","","","registration of insolvency professional agency","",""
"","","","","registration_certificate","",""
"","","","","regulatory_filing","",""
"","","","","resolution plan","",""
"The Insolvency And Bankruptcy Code, 2016","202","Appeal to National Company Law Appellate Tribunal","","CIRP","","appeal"
"","","","","appeal","",""
"","","","","appeal to national company law appellate tribunal","",""
"","","","","appellate tribunal","",""
"","","","","corporate insolvency resolution process","",""
"","","","","insolvency","",""
"","","","","National Company Law Appellate Tribunal","",""
"","","","","resolution plan","",""
"The Insolvency And Bankruptcy Code, 2016","203","Governing Board of insolvency professional agency","","Board","","regulatory_filing"
"","","","","CIRP","",""
"","","","","corporate insolvency resolution process","",""
"","","","","governing board of insolvency professional agency","",""
"","","","","insolvency","",""
"","","","","insolvency professional agency","",""
"","","","","regulatory_filing","",""
"","","","","resolution plan","",""
"The Insolvency And Bankruptcy Code, 2016","204","Functions of insolvency professional agencies","","CIRP","","regulatory_filing"
"","","","","corporate insolvency resolution process","",""
"","","","","functions","",""
"","","","","functions of insolvency professional agencies","",""
"","","","","insolvency","",""
"","","","","insolvency professional agency","",""
"","","","","regulatory_filing","",""
"","","","","resolution plan","",""
"The Insolvency And Bankruptcy Code, 2016","205","Insolvency professional agencies to make bye-laws","","CIRP","company_policy",""
"","","","","bye-laws","regulatory_filing",""
"","","","","company_policy","",""
"","","","","corporate insolvency resolution process","",""
"","","","","insolvency","",""
"","","","","insolvency professional agency","",""
"","","","","insolvency professional agencies to make bye-laws","",""
"","","","","regulatory_filing","",""
"","","","","resolution plan","",""
"The Insolvency And Bankruptcy Code, 2016","206","Enrolled and registered persons to act as insolvency professionals","","CIRP","appointment_letter",""
"","","","","corporate insolvency resolution process","report",""
"","","","","enrolled and registered persons to act as insolvency professionals","",""
"","","","","insolvency","",""
"","","","","insolvency professional","",""
"","","","","registration","",""
"","","","","resolution plan","",""
"The Insolvency And Bankruptcy Code, 2016","207","Registration of insolvency professionals","","CIRP","appointment_letter",""
"","","","","corporate insolvency resolution process","report",""
"","","","","insolvency","",""
"","","","","insolvency professional","",""
"","","","","registration","",""
"","","","","registration of insolvency professionals","",""
"","","","","resolution plan","",""
"The Insolvency And Bankruptcy Code, 2016","208","Functions and obligations of insolvency professionals","","CIRP","appointment_letter",""
"","","","","corporate insolvency resolution process","report",""
"","","","","duties","",""
"","","","","functions","",""
"","","","","functions and obligations of insolvency professionals","",""
"","","","","insolvency","",""
"","","","","insolvency professional","",""
"","","","","obligations","",""
"","","","","resolution plan","",""
"The Insolvency And Bankruptcy Code, 2016","209","No person to function as information utility without certificate of registration","","CIRP","registration_certificate",""
"","","","","certificate of registration","regulatory_filing",""
"","","","","corporate insolvency resolution process","",""
"","","","","information utility","",""
"","","","","insolvency","",""
"","","","","no person to function as information utility without certificate of registration","",""
"","","","","registration","",""
"","","","","registration_certificate","",""
"","","","","regulatory_filing","",""
"","","","","resolution plan","",""
"The Insolvency And Bankruptcy Code, 2016","210","Registration of information utility","","CIRP","registration_certificate",""
"","","","","corporate insolvency resolution process","regulatory_filing",""
"","","","","information utility","",""
"","","","","insolvency","",""
"","","","","registration","",""
"","","","","registration of information utility","",""
"","","","","registration_certificate","",""
"","","","","regulatory_filing","",""
"","","","","resolution plan","",""
"The Insolvency And Bankruptcy Code, 2016","211","Appeal to National Company Law Appellate Tribunal","","CIRP","","appeal"
"","","","","appeal","",""
"","","","","appeal to national company law appellate tribunal","",""
"","","","","appellate tribunal","",""
"","","","","corporate insolvency resolution process","",""
"","","","","information utility","",""
"","","","","insolvency","",""
"","","","","National Company Law Appellate Tribunal","",""
"","","","","resolution plan","",""
"The Insolvency And Bankruptcy Code, 2016","212","Governing Board of information utility","","Board","","regulatory_filing"
"","","","","CIRP","",""
"","","","","corporate insolvency resolution process","",""
"","","","","governing board of information utility","",""
"","","","","information utility","",""
"","","","","insolvency","",""
"","","","","regulatory_filing","",""
"","","","","resolution plan","",""
"The Insolvency And Bankruptcy Code, 2016","213","Core services, etc., of information utilities","","CIRP","","regulatory_filing"
"","","","","core services, etc., of information utilities","",""
"","","","","corporate insolvency resolution process","",""
"","","","","information utility","",""
"","","","","insolvency","",""
"","","","","resolution plan","",""
"The Insolvency And Bankruptcy Code, 2016","214","Obligations of information utility","","CIRP","","regulatory_filing"
"","","","","corporate insolvency resolution process","",""
"","","","","information utility","",""
"","","","","insolvency","",""
"","","","","obligations","",""
"","","","","obligations of information utility","",""
"","","","","resolution plan","",""
"The Insolvency And Bankruptcy Code, 2016","215","Procedure for submission, etc., of financial information","","CIRP","",""
"","","","","corporate insolvency resolution process","",""
"","","","","financial information","",""
"","","","","insolvency","",""
"","","","","procedure for submission, etc., of financial information","",""
"","","","","resolution plan","",""
"","","","","submission","",""
"The Insolvency And Bankruptcy Code, 2016","216","Rights and obligations of persons submitting financial information","","CIRP","",""
"","","","","corporate insolvency resolution process","",""
"","","","","financial information","",""
"","","","","insolvency","",""
"","","","","obligations","",""
"","","","","resolution plan","",""
"","","","","rights","",""
"","","","","rights and obligations of persons submitting financial information","",""
"The Insolvency And Bankruptcy Code, 2016","217","Complaints against insolvency professional agency or its member or information utility","","CIRP","",""
"","","","","complaints","",""
"","","","","complaints against insolvency professional agency or its member or information utility","",""
"","","","","corporate insolvency resolution process","",""
"","","","","information utility","",""
"","","","","insolvency","",""
"","","","","insolvency professional agency","",""
"","","","","resolution plan","",""
"The Insolvency And Bankruptcy Code, 2016","218","Investigation of insolvency professional agency or its member or information utility","","CIRP","",""
"","","","","corporate insolvency resolution process","",""
"","","","","information utility","",""
"","","","","insolvency","",""
"","","","","insolvency professional agency","",""
"","","","","investigation","",""
"","","","","investigation of insolvency professional agency or its member or information utility","",""
"","","","","resolution plan","",""
"The Insolvency And Bankruptcy Code, 2016","219","Show cause notice to insolvency professional agency or its member or information utility","","CIRP","","legal_notice"
"","","","","corporate insolvency resolution process","",""
"","","","","information utility","",""
"","","","","insolvency","",""
"","","","","insolvency professional agency","",""
"","","","","legal_notice","",""
"","","","","notice","",""
"","","","","resolution plan","",""
"","","","","show cause notice","",""
"","","","","show cause notice to insolvency professional agency or its member or information utility","",""
"The Insolvency And Bankruptcy Code, 2016","220","Appointment of disciplinary committee","","CIRP","","appointment_letter"
"","","","","appointment","",""
"","","","","appointment of disciplinary committee","",""
"","","","","corporate insolvency resolution process","",""
"","","","","disciplinary committee","",""
"","","","","insolvency","",""
"","","","","resolution plan","",""
"The Insolvency And Bankruptcy Code, 2016","221","Grants by Central Government","","CIRP","audit_report",""
"","","","","Central Government","financial_statement",""
"","","","","corporate insolvency resolution process","",""
"","","","","finance","",""
"","","","","fund","",""
"","","","","grants","",""
"","","","","grants by central government","",""
"","","","","insolvency","",""
"","","","","resolution plan","",""
"The Insolvency And Bankruptcy Code, 2016","222","Board’s Fund","","Board","audit_report",""
"","","","","Board’s Fund","financial_statement",""
"","","","","CIRP","regulatory_filing",""
"","","","","corporate insolvency resolution process","",""
"","","","","finance","",""
"","","","","fund","",""
"","","","","insolvency","",""
"","","","","Insolvency and Bankruptcy Board of India","",""
"","","","","regulatory authority","",""
"","","","","resolution plan","",""
"The Insolvency And Bankruptcy Code, 2016","223","Accounts and audit","","accounts","audit_report",""
"","","","","accounts and audit","financial_statement",""
"","","","","audit","",""
"","","","","audit_report","",""
"","","","","CIRP","",""
"","","","","corporate insolvency resolution process","",""
"","","","","finance","",""
"","","","","financial_statement","",""
"","","","","insolvency","",""
"","","","","resolution plan","",""
"The Insolvency And Bankruptcy Code, 2016","224","Insolvency and Bankruptcy Fund","","CIRP","audit_report",""
"","","","","corporate insolvency resolution process","financial_statement",""
"","","","","finance","",""
"","","","","fund","",""
"","","","","insolvency","",""
"","","","","insolvency and bankruptcy fund","",""
"","","","","resolution plan","",""
"The Insolvency And Bankruptcy Code, 2016","225","Power of Central Government to issue directions","","CIRP","","notification"
"","","","","Central Government","",""
"","","","","corporate insolvency resolution process","",""
"","","","","directions","",""
"","","","","insolvency","",""
"","","","","notification","",""
"","","","","power of central government to issue directions","",""
"","","","","resolution plan","",""
"The Insolvency And Bankruptcy Code, 2016","226","Power of Central Government to supersede Board","","Board","notification",""
"","","","","CIRP","regulatory_filing",""
"","","","","Central Government","",""
"","","","","corporate insolvency resolution process","",""
"","","","","insolvency","",""
"","","","","Insolvency and Bankruptcy Board of India","",""
"","","","","power of central government to supersede board","",""
"","","","","regulatory authority","",""
"","","","","resolution plan","",""
"","","","","supersede","",""
"The Insolvency And Bankruptcy Code, 2016","227","Power of Central Government to notify financial service providers, etc.","","CIRP","notification",""
"","","","","Central Government","regulatory_notification",""
"","","","","corporate insolvency resolution process","",""
"","","","","financial service providers","",""
"","","","","insolvency","",""
"","","","","notification","",""
"","","","","power of central government to notify financial service providers, etc.","",""
"","","","","regulator","",""
"","","","","regulatory_notification","",""
"","","","","resolution plan","",""
"The Insolvency And Bankruptcy Code, 2016","228","Budget","","CIRP","","financial_statement"
"","","","","budget","",""
"","","","","corporate insolvency resolution process","",""
"","","","","finance","",""
"","","","","financial_statement","",""
"","","","","insolvency","",""
"","","","","resolution plan","",""
"The Insolvency And Bankruptcy Code, 2016","229","Annual report","","CIRP","","report"
"","","","","annual report","",""
"","","","","corporate insolvency resolution process","",""
"","","","","insolvency","",""
"","","","","report","",""
"","","","","resolution plan","",""
"The Insolvency And Bankruptcy Code, 2016","230","Delegation","","CIRP","",""
"","","","","corporate insolvency resolution process","",""
"","","","","delegation","",""
"","","","","insolvency","",""
"","","","","resolution plan","",""
"The Insolvency And Bankruptcy Code, 2016","231","Bar of jurisdiction","","CIRP","","court_order"
"","","","","bar of jurisdiction","",""
"","","","","corporate insolvency resolution process","",""
"","","","","court_order","",""
"","","","","insolvency","",""
"","","","","jurisdiction","",""
"","","","","resolution plan","",""
"The Insolvency And Bankruptcy Code, 2016","232","Members, officers and employees of Board to the public servants","","Board","","regulatory_filing"
"","","","","CIRP","",""
"","","","","corporate insolvency resolution process","",""
"","","","","employees","",""
"","","","","insolvency","",""
"","","","","Insolvency and Bankruptcy Board of India","",""
"","","","","members, officers and employees of board to the public servants","",""
"","","","","officers","",""
"","","","","public servants","",""
"","","","","regulatory authority","",""
"","","","","resolution plan","",""
"The Insolvency And Bankruptcy Code, 2016","233","Protection of action taken in good faith","","CIRP","",""
"","","","","action in good faith","",""
"","","","","corporate insolvency resolution process","",""
"","","","","insolvency","",""
"","","","","protection","",""
"","","","","protection of action taken in good faith","",""
"","","","","resolution plan","",""
"The Insolvency And Bankruptcy Code, 2016","234","Agreements with foreign countries","","CIRP","",""
"","","","","agreements with foreign countries","",""
"","","","","corporate insolvency resolution process","",""
"","","","","foreign countries","",""
"","","","","insolvency","",""
"","","","","resolution plan","",""
"The Insolvency And Bankruptcy Code, 2016","235","Letter of request to a country outside India in certain cases","","CIRP","",""
"","","","","corporate insolvency resolution process","",""
"","","","","country outside india","",""
"","","","","insolvency","",""
"","","","","letter of request","",""
"","","","","letter of request to a country outside india in certain cases","",""
"","","","","resolution plan","",""
"The Insolvency And Bankruptcy Code, 2016","235A","Punishment where no specific penalty or punishment is provided","","CIRP","criminal_complaint",""
"","","","","corporate insolvency resolution process","court_order",""
"","","","","insolvency","legal_notice",""
"","","","","offence","regulatory_filing",""
"","","","","penalty","",""
"","","","","punishment","",""
"","","","","punishment where no specific penalty or punishment is provided","",""
"","","","","resolution plan","",""
"The Insolvency And Bankruptcy Code, 2016","236","Trial of offences by Special Court","","CIRP","court_order",""
"","","","","corporate insolvency resolution process","criminal_complaint",""
"","","","","court_order","",""
"","","","","insolvency","",""
"","","","","offence","",""
"","","","","resolution plan","",""
"","","","","special court","",""
"","","","","trial","",""
"","","","","trial of offences by special court","",""
"The Insolvency And Bankruptcy Code, 2016","237","Appeal and revision","","CIRP","","appeal"
"","","","","appeal","",""
"","","","","appeal and revision","",""
"","","","","appellate tribunal","",""
"","","","","corporate insolvency resolution process","",""
"","","","","insolvency","",""
"","","","","resolution plan","",""
"","","","","revision","",""
"The Insolvency And Bankruptcy Code, 2016","238","Provisions of this Code to override other laws","","CIRP","","act"
"","","","","act","",""
"","","","","code","",""
"","","","","corporate insolvency resolution process","",""
"","","","","insolvency","",""
"","","","","override other laws","",""
"","","","","provisions of this code to override other laws","",""
"","","","","resolution plan","",""
"The Insolvency And Bankruptcy Code, 2016","238A","Limitation","","CIRP","",""
"","","","","corporate insolvency resolution process","",""
"","","","","insolvency","",""
"","","","","limitation","",""
"","","","","resolution plan","",""
"The Insolvency And Bankruptcy Code, 2016","239","Power to make rules","","CIRP","","act"
"","","","","act","",""
"","","","","corporate insolvency resolution process","",""
"","","","","insolvency","",""
"","","","","power to make rules","",""
"","","","","regulations","",""
"","","","","resolution plan","",""
"","","","","rules","",""
"The Insolvency And Bankruptcy Code, 2016","240","Power to make regulations","","CIRP","","act"
"","","","","act","",""
"","","","","corporate insolvency resolution process","",""
"","","","","insolvency","",""
"","","","","power to make regulations","",""
"","","","","regulations","",""
"","","","","resolution plan","",""
"","","","","rules","",""
"The Insolvency And Bankruptcy Code, 2016","240A","Application of this Code to micro, small and medium enterprises","","CIRP","application_form",""
"","","","","MSME","regulatory_notification",""
"","","","","application","",""
"","","","","application of this code to micro, small and medium enterprises","",""
"","","","","corporate insolvency resolution process","",""
"","","","","insolvency","",""
"","","","","medium enterprise","",""
"","","","","micro enterprise","",""
"","","","","regulatory_notification","",""
"","","","","resolution plan","",""
"","","","","small enterprise","",""
"The Insolvency And Bankruptcy Code, 2016","241","Rules and regulations to be laid before Parliament","","CIRP","","act"
"","","","","act","",""
"","","","","corporate insolvency resolution process","",""
"","","","","insolvency","",""
"","","","","parliament","",""
"","","","","regulations","",""
"","","","","resolution plan","",""
"","","","","rules","",""
"","","","","rules and regulations to be laid before parliament","",""
"The Insolvency And Bankruptcy Code, 2016","242","Power to remove difficulties","","CIRP","",""
"","","","","corporate insolvency resolution process","",""
"","","","","difficulties","",""
"","","","","insolvency","",""
"","","","","power to remove difficulties","",""
"","","","","resolution plan","",""
"The Insolvency And Bankruptcy Code, 2016","243","Repeal of certain enactments and savings","","CIRP","","act"
"","","","","act","",""
"","","","","corporate insolvency resolution process","",""
"","","","","enactments","",""
"","","","","insolvency","",""
"","","","","repeal","",""
"","","","","repeal of certain enactments and savings","",""
"","","","","resolution plan","",""
"","","","","savings","",""
"The Insolvency And Bankruptcy Code, 2016","244","Transitional provisions","","CIRP","","act"
"","","","","act","",""
"","","","","corporate insolvency resolution process","",""
"","","","","insolvency","",""
"","","","","resolution plan","",""
"","","","","transitional provisions","",""
"The Insolvency And Bankruptcy Code, 2016","245","Amendments of Act 9 of 1932","","CIRP","","act"
"","","","","act","",""
"","","","","amendments","",""
"","","","","amendments of act 9 of 1932","",""
"","","","","corporate insolvency resolution process","",""
"","","","","insolvency","",""
"","","","","resolution plan","",""
"The Insolvency And Bankruptcy Code, 2016","246","Amendments of Act 1 of 1944","","CIRP","","act"
"","","","","act","",""
"","","","","amendments","",""
"","","","","amendments of act 1 of 1944","",""
"","","","","corporate insolvency resolution process","",""
"","","","","insolvency","",""
"","","","","resolution plan","",""
"The Insolvency And Bankruptcy Code, 2016","247","Amendments of Act 43 of 1961","","CIRP","","act"
"","","","","act","",""
"","","","","amendments","",""
"","","","","amendments of act 43 of 1961","",""
"","","","","corporate insolvency resolution process","",""
"","","","","insolvency","",""
"","","","","resolution plan","",""
"The Insolvency And Bankruptcy Code, 2016","248","Amendments of Act 52 of 1962","","CIRP","","act"
"","","","","act","",""
"","","","","amendments","",""
"","","","","amendments of act 52 of 1962","",""
"","","","","corporate insolvency resolution process","",""
"","","","","insolvency","",""
"","","","","resolution plan","",""
"The Insolvency And Bankruptcy Code, 2016","249","Amendments of Act 51 of 1993","","CIRP","","act"
"","","","","act","",""
"","","","","amendments","",""
"","","","","amendments of act 51 of 1993","",""
"","","","","corporate insolvency resolution process","",""
"","","","","insolvency","",""
"","","","","resolution plan","",""
"The Insolvency And Bankruptcy Code, 2016","250","Amendments of Act 32 of 1994","","CIRP","","act"
"","","","","act","",""
"","","","","amendments","",""
"","","","","amendments of act 32 of 1994","",""
"","","","","corporate insolvency resolution process","",""
"","","","","insolvency","",""
"","","","","resolution plan","",""
"The Insolvency And Bankruptcy Code, 2016","251","Amendments of Act 54 of 2002","","CIRP","","act"
"","","","","act","",""
"","","","","amendments","",""
"","","","","amendments of act 54 of 2002","",""
"","","","","corporate insolvency resolution process","",""
"","","","","insolvency","",""
"","","","","resolution plan","",""
"The Insolvency And Bankruptcy Code, 2016","252","Amendments of Act 1 of 2004","","CIRP","","act"
"","","","","act","",""
"","","","","amendments","",""
"","","","","amendments of act 1 of 2004","",""
"","","","","corporate insolvency resolution process","",""
"","","","","insolvency","",""
"","","","","resolution plan","",""
"The Insolvency And Bankruptcy Code, 2016","253","Amendments of Act 51 of 2007","","CIRP","","act"
"","","","","act","",""
"","","","","amendments","",""
"","","","","amendments of act 51 of 2007","",""
"","","","","corporate insolvency resolution process","",""
"","","","","insolvency","",""
"","","","","resolution plan","",""
"The Insolvency And Bankruptcy Code, 2016","254","Amendments of Act 6 of 2009","","CIRP","","act"
"","","","","act","",""
"","","","","amendments","",""
"","","","","amendments of act 6 of 2009","",""
"","","","","corporate insolvency resolution process","",""
"","","","","insolvency","",""
"","","","","resolution plan","",""
"The Insolvency And Bankruptcy Code, 2016","255","Amendments of Act 18 of 2013","","CIRP","","act"
"","","","","act","",""
"","","","","amendments","",""
"","","","","amendments of act 18 of 2013","",""
"","","","","corporate insolvency resolution process","",""
"","","","","insolvency","",""
"","","","","resolution plan","",""
"The Insolvency And Bankruptcy Code, 2016","2","Application","The provis ions of this Code shall apply to — 
(a) any company incorporated under the Companies Act, 2013 (18 of 2013) or under any previous 
company law; 
(b) any other company governed by any special Act for the time being in force, except in so far as 
the said provis ions are inconsistent with the provisions of such special Act; 
(c) any Limited Liability Partnership incorporated under the Limited Liability Partnership                  
Act, 2008  (6 of 2009) ;  
(d) such other body incorporated under any law for the time be ing in force, as the Central 
Government may, by notification, specify in this behalf; 1*** 
2[(e) personal guarantors to corporate debtors;  
(f) partnership firms and proprietorship firms; and  
(g) individuals, other than persons referred to in clause ( e),]","application","company_policy",""
"","","","","scope","partnership_agreement",""
"","","","","company","LLP_agreement",""
"","","","","LLP","guarantee_agreement",""
"","","","","limited liability partnership","loan_agreement",""
"","","","","corporate debtors","corporate_resolution",""
"","","","","personal guarantors","",""
"","","","","partnership firms","",""
"","","","","proprietorship firms","",""
"","","","","individuals","",""
"The Insolvency And Bankruptcy Code, 2016","3","Definitions","In this Code, unless the context otherwise requires, — 
(1) “Board ” means the Insolvency and Bankruptcy Board of India established under 
sub-section ( 1) of section 188;  
(2) “bench ” means a bench of the Adjudicating Autho rity; 
(3) “bye-laws” mean the bye -laws made by the insolvency professional agency under section 205;  
(4) “charge ” means an interest or lien created on the property or assets of any person or any of its 
undertakings or both, as the case may be, as security and includes a mortgage;  
(5) “Chairperson ” means the Chairperson of the Board;  
(6) “claim ” means — 
(a) a right to payment, whether or not such right is reduced to judgment, fixed, disputed, 
undisputed, legal, equitable, secured or unsecured;  
(b) right to re medy for breach of contract under any law for the time being in force, if such 
breach gives rise to a right to payment, whether or not such right is reduced to judgment, fixed, 
matured, unmatured, disputed, undisputed, secured or unsecured;  
(7) “corporate person ” means a company as defined in clause ( 20) of section 2 of the Companies 
Act, 2013  (18 of 2013) , a limited liability partnership, as defined in clause ( n) of sub -section ( 1) of 
section 2 of the Limited Liability Partnership Act, 2008  (6 of 2009) , or any other person incorporated 
with limited liability under any law for the time being in force but shall not include any financial 
service provider;  
(8) “corporate debtor ” means a corporate person who owes a debt to any person;  
(9) “core services ” means services rendered by an information utility for — 
(a) accepting electronic submission of financial information in such form and manner as may be 
specified;  
(b) safe and accurate recording of financial information;  
(c) authenticating and verifying the financ ial information submitted by a person; and  
(d) providing access to information stored with the information utility to persons as may be 
specified;  
(10) “creditor ” means any person to whom a debt is owed and includes a financial creditor, an 
operational cre ditor, a secured creditor, an unsecured creditor and a decree -holder;  
(11) “debt” means a liability or obligation in respect of a claim which is due from any person and 
includes a financial debt and operational debt;  
(12) “default ” means non -payment of deb t when whole or any part or instalment of the amount of 
debt has become due and payable and is not 1[Paid] by the debtor or the corporate debtor, as the case 
may be;  
(13) “financial information ”, in relation to a person, means one or more of the following 
categories of information, namely: — 
(a) records of the debt of the person;  
(b) records of liabilities when the person is solvent;  
(c) records of assets of person over which security interest has been created;  
(d) records, if any, of instances of default by  the person against any debt;  
(e) records of the balance sheet and cash -flow statements of the person; and  
(f) such other information as may be specified;  
(14) “financial institution ” means — 
(a) a scheduled bank;  
(b) financial institution as defined in sec tion 45 -I of the Reserve Bank of India 
Act, 1934  (2 of 1934) ; 
(c) public financial institution as defined in clause ( 72) of section 2 of the Companies           
Act, 2013  (18 of 2013) ; and  
(d) such other institution as the Central  Government may by notification specify as a financial 
institution;  
(15) “financial product ” means securities, contracts of insurance, deposits, credit arrangements 
including loans and advances by banks and financial institutions, retirement benefit plans,  small 
savings instruments, foreign currency contracts other than contracts to exchange one currency 
(whether Indian or not) for another which are to be settled immediately, or any other instrument as 
may be prescribed;  
(16) “financial service ” includes an y of the following services, namely: — 
(a) accepting of deposits;  
(b) safeguarding and administering assets consisting of financial products, belonging to 
another person, or agreeing to do so;  
(c) effecting contracts of insurance;  
(d) offering, managing or agreeing to manage assets consisting of financial products 
belonging to another person;  
(e) rendering or agreeing, for consideration, to render advice on or soliciting for the purposes 
of— 
(i) buying, selling, or subscribing to, a financial product;  
(ii) availing a financial service; or  
(iii) exercising any right associated with a financial product or financial service;  
(f) establishing or operating an investment scheme;  
(g) maintaining or transferring records of ownership of a financial product;  
(h) underw riting the issuance or subscription of a financial product; or  
(i) selling, providing, or issuing stored value or payment instruments or providing payment 
services;  
(17) “financial service provider ” means a person engaged in the business of providing finan cial 
services in terms of authorisation issued or registration granted by a financial sector regulator;  
(18) “financial sector regulator ” means an authority or body constituted under any law for the 
time being in force to regulate services or transactions of financial sector and includes the Reserve 
Bank of India, the Securities and Exchange Board of India, the Insurance Regulatory and 
Development Authority of India, the Pension Fund Regulatory Authority and such other regulatory 
authorities as may be notif ied by the Central Government;  
(19) “insolvency professional ” means a person enrolled under section 206 with an insolvency 
professional agency as its member and registered with the Board as an insolvency professional under 
section 207;  
(20) “insolvency pro fessional agency ” means any person registered with the Board under           
section 201 as an insolvency professional agency;  
(21) “information utility ” means a person who is registered with the Board as an information 
utility under section 210;  
(22) “notification ” means a notification published in the Official Gazette, and the terms “notified ” 
and “notify ” shall be construed accordingly;  
(23) “person ” includes — 
(a) an individual;  
(b) a Hindu Undivided Family;  
(c) a company;  
(d) a trust;  
(e) a partnership;  
(f) a limited liability partnership; and  
(g) any other enti ty established under a statute,  
and includes a person resident outside India;  
(24) “person resident in India ” shall have the meaning as  assigned to such term in clause ( v) of 
section 2 of the Fore ign Exchange Management Act, 1999  (42 of 1999) ; 
(25) “person resident outside India ” means a person other than a person resident in India;  
(26) “prescribed ” means prescribed by rules made by the Central Government;  
(27) “property ” includes money, goods, ac tionable claims, land and every description of property 
situated in India or outside India and every description of interest including present or future or vested 
or contingent interest arising out of, or incidental to, property;  
(28) “regulations ” means t he regulations made by the Board under this Code;  
(29) “Schedule ” means the Schedule annexed to this Code;  
(30) “secured creditor ” means a creditor in favour of whom security interest is created;  
(31) “security interest ” means right, title or interest or a  claim to property, created in favour of, or 
provided for a secured creditor by a transaction which secures payment or performance of an 
obligation and includes mortgage, charge, hypothecation, assignment and encumbrance or any other 
agreement or arrangeme nt securing payment or performance of any obligation of any person:  
Provided that security interest shall not include a performance gua","definitions","loan_agreement",""
"","","","","Board","mortgage_deed",""
"","","","","bench","charge_document",""
"","","","","bye-laws","security_agreement",""
"","","","","charge","financial_statements",""
"","","","","Chairperson","corporate_guarantee",""
"","","","","claim","insolvency_resolution_plan",""
"","","","","corporate person","bankruptcy_petition",""
"","","","","corporate debtor","",""
"","","","","core services","",""
"","","","","creditor","",""
"","","","","debt","",""
"","","","","default","",""
"","","","","financial information","",""
"","","","","financial institution","",""
"","","","","financial product","",""
"","","","","financial service","",""
"","","","","financial service provider","",""
"","","","","financial sector regulator","",""
"","","","","insolvency professional","",""
"","","","","insolvency professional agency","",""
"","","","","information utility","",""
"","","","","notification","",""
"","","","","person","",""
"","","","","person resident in India","",""
"","","","","person resident outside India","",""
"","","","","prescribed","",""
"","","","","property","",""
"","","","","regulations","",""
"","","","","Schedule","",""
"","","","","secured creditor","",""
"","","","","security interest","",""
"The Insolvency And Bankruptcy Code, 2016","2","Definitions","rantee;  
(32) “specified ” means specified by regulations made by the Board under this Code and the term 
“specify ” shall b e construed accordingly;  
(33) “transaction ” includes a agreement or arrangement in writing for the transfer of assets, or 
funds, goods or services, from or to the corporate debtor;  
(34) “transfer ” includes sale, purchase, exchange, mortgage, pledge, gift, loan or any other form 
of transfer of right, title, possession or lien;  
(35) “transfer of property ” means transfer of any property and includes a transfer of any interest 
in the property and creation of any charge upon such property;  
(36) “workman ” shall h ave the same meaning as assigned to it in clause ( s) of section 2 of the 
Industrial Disputes Act, 1947  (14 of 1947) ; 
(37) words and expressions used but not defined in this Code but defined in the Indian Contract 
Act, 1872  (9 of 1872) , the Indian Partnersh ip Act, 1932  (9 of 1932) , the Securities Contact 
(Regulation) Act, 1956  (42 of 1956) , the Securities Exchange Board of India Act, 1992  (15 of 1992) , 
the Recovery of Debts Due to Banks and Financial Institutions Act, 1993  (51 of 1993) , the Limited 
Liability  Partnership Act, 2008  (6 of 2009)  and the Companies Act, 2013  (18 of 2013) , shall have the 
meanings respectively assigned to them in those Acts.  ","specified","agreement",""
"","","","","regulations","contract",""
"","","","","transaction","memorandum_of_understanding",""
"","","","","agreement","loan_agreement",""
"","","","","arrangement","gift_deed",""
"","","","","transfer of assets","mortgage_deed",""
"","","","","transfer of funds","pledge_agreement",""
"","","","","goods","",""
"","","","","services","",""
"","","","","corporate debtor","",""
"","","","","transfer","",""
"","","","","sale","",""
"","","","","purchase","",""
"","","","","exchange","",""
"","","","","mortgage","",""
"","","","","pledge","",""
"","","","","gift","",""
"","","","","loan","",""
"","","","","lien","",""
"","","","","transfer of property","",""
"","","","","charge","",""
"","","","","workman","",""
"","","","","Industrial Disputes Act","",""
"","","","","Indian Contract Act","",""
"","","","","Indian Partnership Act","",""
"","","","","Securities Contract (Regulation) Act","",""
"","","","","Securities Exchange Board of India Act","",""
"","","","","Recovery of Debts Due to Banks and Financial Institutions Act","",""
"","","","","Limited Liability Partnership Act","",""
"","","","","Companies Act","",""
"","","","","definition","",""
"","","","","interpretation","",""
"The Insolvency And Bankruptcy Code, 2016","4","Application of this Part.","PART II  
INSOLVENCY RESOLUTION AND LIQUIDATION FOR CORPORATE PERSONS  
CHAPTER I  
PRELIMINARY  
4. Application of th is Part .—(1) This Part shall apply to matters relating to the insolvency and 
liquidation of corporate debtors where the minimum amount of the default is 1[one crore  rupees ]:  
Provided that the Central Government may, by notification, specify the minimum am ount of default 
of higher value which shall not be more than one crore rupees.  ","application","notification",""
"","","","","Part II","company_policy",""
"","","","","insolvency resolution","financial_statement",""
"","","","","liquidation","",""
"","","","","corporate persons","",""
"","","","","corporate debtors","",""
"","","","","default amount","",""
"","","","","one crore rupees","",""
"","","","","Central Government","",""
"","","","","notification","",""
"The Insolvency And Bankruptcy Code, 2016","5","Definitions","5. Definitions .—In this Part, unless the context otherwise requires, — 
(1) “Adjudicating Authority ”, for the purposes of this Part, means National Company Law 
Tribunal constitute d under section 408 of the Companies Act, 2013  (18 of 2013) ; 
                                                      
1. Subs. by Notification No. S.O. 1205(E), for “one lakh rupees” ( w.e.f. 24 -3-2020).  

17 (2) “auditor ” means a chartered accountant certified to practice as such by the Institute of 
Chartered Accountants of India under section 6 of the Chartered Accountants Act, 1949  (38 of 1949) ; 
(3) “Chapter ” means a Chapter under this Part;  
(4) “constitutional document ”, in relation to a corporate person, includes articles of association, 
memorandum of association of a company and incorporation document of a Limited Liability 
Partnership;  
(5) “corporate applicant ” means — 
(a) corporate debtor; or  
(b) a member or partner of the corporate debtor who is authorised to make an application for 
the corporate insolvency resolution process under the constitutional document of the corporate 
debtor; or  
(c) an individual who is in charge of managing the operations and resources of the corporate 
debtor; or  
(d) a person who has the control and supervision over the financial affairs of the corporate 
debtor;  
1[(5A) “corporate guarantor ” means a corporate person who  is the surety in a contract of 
guarantee to a corporate debtor;]  
(6) “dispute ” includes a suit or arbit ration proceedings relating to — 
(a) the existence of the amount of debt;  
(b) the quality of goods or service; or  
(c) the breach of a representation or w arranty;  
(7) “financial creditor ” means any person to whom a financial debt is owed and includes a person 
to whom such debt has been legally assigned or transferred to;  
(8) “financial debt ” means a debt along  with interest, if any, which is disbursed again st the 
consideration for the ti me value of money and includes — 
(a) money borrowed against the payment of interest;  
(b) any amount raised by acceptance under any acceptance credit facility or its                       
de-materialised equivalent;  
(c) any amo unt raised p

ursuant to any note purchase facility or the issue of bonds, notes, 
debentures, loan stock or any similar instrument;  
(d) the amount of any liability in respect of any lease or hire purchase contract which is 
deemed as a finance or capital leas e under the Indian Accounting Standards or such other 
accounting standards as may be prescribed;  
(e) receivables sold or discounted other than any receivables sold on non -recourse basis;  
(f) any amount raised under any other transaction, including any forw ard sale or purchase 
agreement, having the commercial effect of a borrowing;  
                                                      
1. Ins. by Act 26 of 2018, s. 3 (w.e.f. 6 -6-2018).  

18 1[Explanation .—For th e purposes of this sub -clause, — 
(i) any amount raised from an allottee under a real estate project shall be deemed to be an 
amount having the commercial effe ct of a borrowing; and  
 (ii) the expressions, “allottee ” and “real estate project ” shall have the meanings 
respectively assigned to them in clauses ( d) and ( zn) of section 2 of the Real Estate 
(Regulation and Development) Act, 2016  (16 of 2016) ;] 
(g) any d erivative transaction entered into in connection with protection against or benefit 
from fluctuation in any rate or price and for calculating the value of any derivative transaction, 
only the market value of such transaction shall be taken into account;  
(h) any counter -indemnity obligation in respect of a guarantee, indemnity, bond, documentary 
letter of credit or any other instrument issued by a bank or financial institution;  
(i) the amount of any liability in respect of any of the guarantee or indemnity f or any of the 
items referred to in sub -clauses ( a) to ( h) of this clause;  
(9) “financial position ”, in relation to any person, means the financial information of a person as 
on a certain date;  
(10) “information memorandum ” means a memorandum prepared by re solution professional 
under sub -section ( 1) of section 29;  
(11) “initiation date ” means the date on which a financial creditor, corporate  applicant or 
operational creditor, as the case may be, makes an application to the Adjudicating Authority for 
initiati ng corporate insolvency resolution process;  
(12) “insolvency commencement date ” means the date of admission of an application for 
initiating corporate insolvency resolution process by the Adjudicating Authority under sections 7, 9 or 
section 10, as the cas e may be;  
1*   *   *  *   * 
(13) “insolvency r esolution process costs ” means — 
(a) the amount of any interim finance and the  costs incurred in raising such finance;  
(b) the fees payable to any person acting as a resolution professional;  
(c) any costs incurr ed by the resolution professional in running the business of the corporate 
debtor as a going concern;  
(d) any costs incurred at the expense of the Government to facilitate the insolvency resolution 
process; and  
(e) any other costs as may be specified by th e Board;  
(14) “insolvency resolution process period ” means the period of one hundred and eighty days 
beginning from the insolvency commencement date and ending on one hundred and eightieth day;  
(15) “interim finance ” means any financial debt raised by the resolution professional during the 
insolvency resolution process period  2[and such other debt as may be notified] ; 
                                                      
1.The pro viso shall be omitted by Act 1 of 2020, s. 2 (w.e.f. 28 -12-2019) . 
2. Ins. by s. 2, ibid. (w.e.f. 28 -12-2019).  

19 (16) “liquidation  cost” means any cost incurred by the liquidator during the period of liquidation 
subject to such regulations, as may be sp ecified by the Board;  
(17) “liquidation commencement date ” means the date on which proceedings for liquidation 
commence in accordance with section 33 or section 59, as the case may be;  
(18) “liquidator ” means an insolvency professional appointed as a liqui dator in accordance

 with 
the provisions of Chapter III or Chapter V of this Part, as the case may be;  
(19) “officer ” for the purposes of Chapter VII of this Part, means an officer who is in default, as 
defined in clause ( 60) of section 2 of the Companies A ct, 2013  (18 of 2013)  or a designated partner as 
defined in clause ( j) of section 2 of the Limited Liability Partnership  Act, 2008 (6 of 2009), as the 
case may be;  
(20) “operational creditor ” means a person to whom an operational debt is owed and includes any 
person to whom such debt has been legally assigned or transferred;  
(21) “operational debt ” means a claim in respect of the provision of goods or services including 
employme nt or a debt in respect of the 1[payment ] of dues arising under any law for the time being in 
force and payable to the Central Government, any State Government or any local authority;  
(22) “personal guarantor ” means an individual who is the surety in a contract of guarantee to a 
corporate debtor;  
(23) “personnel ” includes the director s, managers, key managerial personnel, designated partners 
and employees, if any, of the corporate debtor;  
(24) “related party ”, in relation to a corporate debtor, means — 
(a) a director or partner of the corporate debtor or a relative of a director or part ner of the 
corporate debtor;  
(b) a key managerial personnel of the corporate debtor or a relative of a key managerial 
personnel of the corporate debtor;  
(c) a limited liability partnership or a partnership firm in which a director, partner, or manager 
of the corporate debtor or his relative is a partner;  
(d) a private company in which a director, partner or manager of the corporate debtor is a 
director and holds along with his relatives, more than two per cent. of its share capital;  
(e) a public company in which a director, partner or manager of the corporate debtor is a 
director and holds along with relatives, more than two per cent. of its paid -up share capital;  
(f) any  body corporate whose board of directors, managing director or manager, in the 
ordinary course of business, acts on the advice, directions or instructions of a director, partner or 
manager of the corporate debtor;  
(g) any limited liability partnership or a partnership firm whose partners or employees in the 
ordinary course of business, acts o n the advice, directions or instructions of a director, partner or 
manager of the corporate debtor;  
(h) any person on whose advice, directions or instructions, a director, partner or manager of 
the corporate debtor is accustomed to act;  
(i) a body corporat e which is a holding, subsidiary or an associate company of the corporate 
debtor, or a subsidiary of a holding company to which the corporate debtor is a subsidiary;  
                                                      
1. Subs. by Act 26 of 2018, s. 3, for “repayment” (w.e.f. 6 -6-2018).  

20 (j) any  person who controls more than twenty per cent. of voting rights in the corporate 
debtor on account of ownership or a voting agreement;  
(k) any person in whom the corporate debtor controls more than twenty per cent. of voting 
rights on account of ownership or a voting agreement;  
(l) any person who can control the composition of the board  of directors or corresponding 
governing body of the corporate debtor;  
(m) any person who is associated with the corporate debtor on account of — 
(i) participation in policy making processes of the corporate debtor; or  
(ii) having more than two directors in  common between the corporate debtor and such 
person; or  
(iii) interchange of managerial personnel between the corpo rate debtor and such person; 
or 
(iv) provision of essential technical information to, or from, the corporate debtor;  
1[(24A) “related party ”, in relation to an individual, means —  
(a) a person who is a relative of the individual or a relative of the spouse of the 
individual;  
 (b) a partner of a limited liability partnership, or a limited li","definitions","articles_of_association",""
"","","","","Adjudicating Authority","memorandum_of_association",""
"","","","","National Company Law Tribunal","LLP_agreement",""
"","","","","auditor","offer_letter",""
"","","","","chartered accountant","employment_agreement",""
"","","","","constitutional document","contract_for_service",""
"","","","","articles of association","sale_agreement",""
"","","","","memorandum of association","purchase_agreement",""
"","","","","incorporation document","loan_agreement",""
"","","","","Limited Liability Partnership","guarantee_agreement",""
"","","","","corporate applicant","indemnity_bond",""
"","","","","corporate debtor","financial_statement",""
"","","","","corporate insolvency resolution process","information_memorandum",""
"","","","","corporate guarantor","application_for_insolvency",""
"","","","","contract of guarantee","board_resolution",""
"","","","","dispute","lease_agreement",""
"","","","","suit","hire_purchase_agreement",""
"","","","","arbitration proceedings","arbitration_agreement",""
"","","","","debt","suit_filing",""
"","","","","goods","debenture_certificate",""
"","","","","service","bond_certificate",""
"","","","","warranty","shareholding_agreement",""
"","","","","financial creditor","voting_agreement",""
"","","","","financial debt","",""
"","","","","interest","",""
"","","","","borrowed money","",""
"","","","","acceptance credit facility","",""
"","","","","bonds","",""
"","","","","notes","",""
"","","","","debentures","",""
"","","","","loan stock","",""
"","","","","lease","",""
"","","","","hire purchase","",""
"","","","","Indian Accounting Standards","",""
"","","","","receivables","",""
"","","","","forward sale agreement","",""
"","","","","purchase agreement","",""
"","","","","real estate project","",""
"","","","","allottee","",""
"","","","","derivative transaction","",""
"","","","","counter-indemnity","",""
"","","","","guarantee","",""
"","","","","indemnity","",""
"","","","","bond","",""
"","","","","documentary letter of credit","",""
"","","","","financial position","",""
"","","","","information memorandum","",""
"","","","","resolution professional","",""
"","","","","initiation date","",""
"","","","","insolvency commencement date","",""
"","","","","insolvency resolution process costs","",""
"","","","","interim finance","",""
"","","","","liquidation cost","",""
"","","","","liquidator","",""
"","","","","liquidation commencement date","",""
"","","","","officer","",""
"","","","","officer in default","",""
"","","","","designated partner","",""
"","","","","operational creditor","",""
"","","","","operational debt","",""
"","","","","employment","",""
"","","","","government dues","",""
"","","","","personal guarantor","",""
"","","","","personnel","",""
"","","","","directors","",""
"","","","","managers","",""
"","","","","key managerial personnel","",""
"","","","","employees","",""
"","","","","related party","",""
"","","","","relative","",""
"","","","","partner","",""
"","","","","share capital","",""
"","","","","voting rights","",""
"","","","","board of directors","",""
"","","","","policy making","",""
"","","","","managerial personnel","",""
"The Insolvency And Bankruptcy Code, 2016","5(24)","Related party","ability partnership or a 
partnership firm, in which th e individual is a partner;  
(c) a person who is a trustee of a trust in which the beneficiary of the trust includes the 
individual, or the terms of the trust confers a power on the trustee which may be exercised for 
the benefit of the individual;  
(d) a pr ivate company in which the individual is a director and holds along with his 
relatives, more than two per cent. of its share capital;  
(e) a public company in which the individual is a director and holds along with relatives, 
more than two per cent. of its  paid-up share capital;  
(f) a body corporate whose board of directors, managing director or manager, in the 
ordinary course of business, acts on the advice, directions or instructions of the individual; (g) 
a limited liability partnership or a partnership  firm whose partners or employees in the 
ordinary course of business, act on the advice, directions or instructions of the individual;  
(h) a person on whose advice, directions or instructions, the individual is accustomed to 
act;  
(i) a company, where the individual or the individual along with its related party, own 
more than fifty per cent. of the share capital of the company or controls the appointment of 
the board of directors of the company.  
 Explanation .—For the purposes of this clause, —  
(a) “relativ e”, with reference to any person, means anyone who is related to another, in 
the following manner, namely: — 
 
                                                      
1. Ins. by Act 26 of 2018, s. 3 (w.e.f. 6 -6-2018).   

21 (i) members  of a Hindu Undivided Family,  
 (ii) husband,  
 (iii) wife,  
(iv) father,  
(v) mother,  
(vi) son,  
(vii) daughter,  
(viii) son ’s daughter and son,  
 (ix) daughter ’s daughter and son,  
(x) grandson ’s daughter and son,  
(xi) granddaughter ’s daughter and son,  
(xii) brother,  
(xiii) sister,  
 (xiv) brother ’s son and daughter,  
 (xv) sister ’s son and daughter,  
(xvi) father ’s father and mother,  
 (xvii) mother ’s father and mother,  
(xviii) father ’s brother and sister,  
 (xix) mother ’s brother and sister, and  
 (b) wherever the relation is that of a son, daughter, sister or brother, their spouses shall 
also be included; ’.","related party","company_policy",""
"","","","","relative","partnership_deed",""
"","","","","partnership firm","trust_deed",""
"","","","","trustee","shareholder_agreement",""
"","","","","private company","family_arrangement",""
"","","","","public company","",""
"","","","","director","",""
"","","","","share capital","",""
"","","","","body corporate","",""
"","","","","limited liability partnership","",""
"","","","","Hindu Undivided Family","",""
"","","","","husband","",""
"","","","","wife","",""
"","","","","father","",""
"","","","","mother","",""
"","","","","son","",""
"","","","","daughter","",""
"","","","","brother","",""
"","","","","sister","",""
"The Insolvency And Bankruptcy Code, 2016","5(25)","Resolution applicant","1[(25) “resolution applicant ” means a person, who individually or jointly with any other person, 
submits a resolution plan to the resolution professional pursuant to the invitation made under clause 
(h) of sub -section ( 2) of section 25];","resolution applicant","resolution_plan",""
"","","","","resolution plan","invitation_for_resolution_plans",""
"","","","","resolution professional","",""
"","","","","insolvency","",""
"The Insolvency And Bankruptcy Code, 2016","5(26)","Resolution plan","(26) “resolution plan ” means a plan proposed by 2[resolution applicant] for insolvency resolution 
of the corporate debtor as a going concern in accordance with Part II;  
3[Explanation .—For the removal of doubts, it is hereby clarified that a resolution plan may 
include provisions for the restructuring of the corporate debtor, including by way of merger, 
amalgamation and demerger;]","resolution plan","resolution_plan",""
"","","","","resolution applicant","merger_scheme",""
"","","","","insolvency resolution","amalgamation_scheme",""
"","","","","corporate debtor","demerger_scheme",""
"","","","","going concern","",""
"","","","","restructuring","",""
"","","","","merger","",""
"","","","","amalgamation","",""
"","","","","demerger","",""
"The Insolvency And Bankruptcy Code, 2016","5(27)","Resolution professional","(27) “resolution professional ”, for the purposes of this Part, means an insolvency professional 
appointed to conduct the corporate insolvency resolution process and includes an i nterim resolution 
professional; and","resolution professional","appointment_letter",""
"","","","","insolvency professional","engagement_letter",""
"","","","","corporate insolvency resolution process","court_order",""
"","","","","CIRP","",""
"","","","","interim resolution professional","",""
"The Insolvency And Bankruptcy Code, 2016","5(28)","Voting share","(28) “voting share ” means the share of the voting rights of a single financial creditor in the 
committee of creditors which is based on the proportion of the financial debt owed to such financial 
creditor in relation to the financial debt owed by the corporate debtor.  
  
                                                      
1. Subs. by Act 8 of 2018 , s.3 (w.e.f. 23 -11-2017).  
2. Subs. by s. 3, ibid., for “any person” (w.e.f.23 -11-2017).  
3. Ins. by Act 26 of 2019, s. 2 (w.e.f. 16 -08-2019).  

22 CHAPTER II  
CORPORATE INSOLVENCY RESOLUTION PROCESS","voting share","committee_of_creditors_minutes",""
"","","","","voting rights","financial_statements",""
"","","","","financial creditor","loan_agreement",""
"","","","","committee of creditors","",""
"","","","","CoC","",""
"","","","","financial debt","",""
"","","","","corporate debtor","",""
"The Insolvency And Bankruptcy Code, 2016","6","Persons who may initiate corporate insolvency resolution process","6. Persons who may initiate corporate insolvency resolution process .—Where any corporate 
debtor commits a default, a financial creditor, an operational c reditor or the corporate debtor itself may 
initiate corporate insolvency resolution process in respect of such corporate debtor in the manner as 
provided under","corporate insolvency resolution process","insolvency_application",""
"","","","","CIRP","legal_notice",""
"","","","","corporate debtor","default_notice",""
"","","","","default","",""
"","","","","financial creditor","",""
"","","","","operational creditor","",""
"","","","","initiation","",""
"The Insolvency And Bankruptcy Code, 2016","7","Initiation of corporate insolvency resolution process by financial creditor","this Chapter.  
7. Initiation of corporate insolvency resolution process by financial creditor .—(1) A financial 
creditor either by itself or jointly with 1[other financial creditors, or any other person on behalf of the 
financial creditor, as may be notified by the Central Government,]  may file an application for initiating 
corporate insolvency resolut ion process against a corporate debtor before the Adjudicating Authority 
when a default has occurred.  
2[Provided that for the financial creditors, referred to in clauses ( a) and ( b) of sub -section ( 6A) of 
section 21, an application for initiating corporate  insolvency resolution process against the corporate 
debtor shall be filed jointly by not less than one hundred of such creditors in the same class or not less 
than ten per cent. of the total number of such creditors in the same class, whichever is less:  
Provided further that for financial creditors who are allottees under a real estate project, an 
application for initiating corporate insolvency resolution process against the corporate debtor shall be 
filed jointly by not less than one hundred of such allot tees under the same real estate project or not less 
than ten per cent. of the total number of such allottees under the same real estate project, whichever is 
less: 
Provided also that where an application for initiating the corporate insolvency resolution p rocess 
against a corporate debtor has been filed by a financial creditor referred to in the first and second provisos 
and has not been admitted by the Adjudicating Authority before the commencement of the Insolvency and 
Bankruptcy Code (Amendment) Act, 202 0, such application shall be modified to comply with the 
requirements of the first or second proviso within thirty days of the commencement  of the said Act, 
failing which the application shall be deemed to be withdrawn before its admission. ]  
Explanation .—For the purposes of this sub-section, a default includes a default in respect of a 
financial debt owed not only to the applicant financial creditor but to any other financial creditor of the 
corporate debtor.  
 (2) The financial creditor shall make an appli cation under sub-section ( 1) in such form and manner 
and accompanied with such fee as may be prescribed.  
(3) The financial creditor shall, along with the application furnish — 
(a) record of the default recorded with the information utility or such other rec ord or evidence of 
default as may be specified;  
(b) the name of the resolution professional proposed to act as an interim resolution professional; 
and  
(c) any other information as may be specified by the Board.  
(4) The Adjudicating Authority shall, within  fourteen days of the receipt of the application under    
sub-section ( 2), ascertain the existence of a default from the records of an information utility or on the 
basis of other evidence furnished by the financial creditor under sub-section ( 3). 
                                                      
1. Subs. by Act 26 of 2018, s. 4, for “other financial creditors” (w.e.f. 6 -6-2018).  
2. Ins. by Act 1 of 2020, s.  3 (w.e.f. 28 -12-2019).  

23 1[Provid ed that if the Adjudicating Authority has not ascertained the existence of default and passed 
an order under sub -section ( 5) within such time, it shall record its reasons in writing for the same.]  
(5) Where the Adjudicating Authority is satisfied that — 
(a) a default has occurred and the application under sub -section ( 2) is complete, and there is no 
disciplinary proceedings pending against the proposed resolution professional, it may, by order, admit 
such application; or  
(b) default has not occurred or the a pplication under sub -section ( 2) is incomplete or any 
disciplinary proceeding is pending against the proposed resolution professional, it may, by order, 
reject such application:  
Provided that the Adjudicating Authority shall, before rejecting the applicati on under clause ( b) of 
sub-section ( 5), give a notice to the applicant to rectify the defect in his application within seven days of 
receipt of such notice from the Adjudicating Authority.  
(6) The corporate insolvency resolution process shall commence from  the date of admission of the 
application under sub -section ( 5). 
(7) The Adjudicating Authority shall communicate — 
(a) the order under clause ( a) of sub -section ( 5) to the financial creditor and the corporate debtor;  
(b) the order  under clause ( b) of sub -section ( 5) to the financial creditor,  
within seven days of admission or rejection of such application, as the case may be.","financial creditor","insolvency_application",""
"","","","","CIRP","default_notice",""
"","","","","corporate debtor","legal_notice",""
"","","","","default","court_order",""
"","","","","Adjudicating Authority","offer_letter",""
"","","","","application","",""
"","","","","insolvency resolution professional","",""
"","","","","interim resolution professional","",""
"","","","","real estate project","",""
"","","","","allottees","",""
"","","","","information utility","",""
"","","","","admission of application","",""
"","","","","rejection of application","",""
"","","","","rectify defect","",""
"","","","","Central Government","",""
"","","","","Board","",""
"The Insolvency And Bankruptcy Code, 2016","8","Insolvency resolution by operational creditor","8. Insolvency resolution by operational creditor .—(1) An operational creditor may, on the 
occurrence of a default, deliver a demand n otice of unpaid operational debtor copy of an invoice 
demanding payment of the amount involved in the default to the corporate debtor in such form and 
manner as may be prescribed.  
(2) The corporate debtor shall, within a period of ten days of the receipt o f the demand notice or copy 
of the invoice mentioned in sub-section ( 1) bring to the notice of the operational creditor — 
(a) existence of a dispute, 2[if any, or] record of the pendency of the suit or arbitration 
proceedings filed before the receipt of suc h notice or invoice in relation to such dispute;  
(b) the 3[payment ] of unpaid operational debt — 
(i) by sending an attested copy of the record of electronic transfer of the unpaid amount from 
the bank account of the corporate debtor; or  
(ii) by sending an a ttested copy of record that the operational creditor has encashed a cheque 
issued by the corporate debtor.  
Explanation .—For the purposes of this section, a “demand notice ” means a notice served by an 
operational creditor to t he corporate debtor demanding 3[payment ] of the operational debt in respect of 
which the default has occurred.","operational creditor","demand_notice",""
"","","","","demand notice","invoice",""
"","","","","unpaid operational debt","legal_notice",""
"","","","","default","arbitration_agreement",""
"","","","","corporate debtor","bank_statement",""
"","","","","invoice","cheque",""
"","","","","dispute","",""
"","","","","arbitration proceedings","",""
"","","","","suit","",""
"","","","","payment","",""
"The Insolvency And Bankruptcy Code, 2016","9","Application for initiation of corporate insolvency resolution process by operational creditor","9. Application for initiation of corporate insolvency resolution process by operational 
creditor .—(1) After the expiry of the period of ten days from the date of delivery of th e notice or invoice 
demanding payment under sub-section ( 1) of section 8, if the operational creditor does not receive 
payment from the corporate debtor or notice of the dispute under sub-section ( 2) of section 8, the 
operational creditor may file an appli cation before the Adjudicating Authority for initiating a corporate 
insolvency resolution process.  
                                                      
1. Ins. by Act 26 of 2019, s. 3 (w.e.f. 16 -08-2019).  
2. Subs. by Act 26 of 2018, s. 5, for “ if any, and ” (w.e.f. 6 -6-2018).  
3. Subs. by s. 5,  ibid for “repayment” (w.e.f. 6 -6-2018).  

24 (2) The application under sub-section ( 1) shall be filed in such form and manner and accompanied 
with such fee as may be prescribed.  
(3) The operational cred itor shall, along with the application furnish — 
(a) a copy of the invoice demanding payment or demand notice delivered by the operational 
creditor to the corporate debtor;  
(b) an affidavit to the effect that there is no notice given by the corporate debtor  relating to a 
dispute of the unpaid operational debt;  
(c) a copy of the certificate from the  financial institutions maintaining accounts of the operational 
creditor confirming that there is no payment of an unpaid operational debt  1[by the corporate debto r, 
if available;]  
2[(d) a copy of any record with information utility confirming that there is no payment of an 
unpaid operational debt by the corporate debtor, if available; and  
 (e) any other proof confirming that there is no payment of an unpaid operati onal debt by the 
corporate debtor or such other inf ormation, as may be prescribed ]; 
(4) An  operational creditor initiating a corporate insolvency resolution process under this section, 
may propose a resolution professional to act as an interim resolution p rofessional.  
(5) The Adjudicating Authority shall, within fourteen days of the re","operational creditor","insolvency_application",""
"","","","","CIRP","demand_notice",""
"","","","","Adjudicating Authority","invoice",""
"","","","","application","affidavit",""
"","","","","demand notice","bank_statement",""
"","","","","invoice","information_utility_record",""
"","","","","unpaid operational debt","",""
"","","","","default","",""
"","","","","dispute","",""
"","","","","affidavit","",""
"","","","","financial institutions","",""
"","","","","information utility","",""
"","","","","interim resolution professional","",""
"The Insolvency And Bankruptcy Code, 2016","9(5) and 9(6)","Admission or rejection of application by operational creditor","ceipt of the application unde r    
sub-section ( 2), by an order — 
(i) admit the application and communicate such decision to the operational credito r and the 
corporate debtor if ,— 
(a) the application made under sub -section ( 2) is complete;  
(b) there is no 3[payment ] of the unpaid operational debt;  
(c) the invoice or notice for payment to the corporate debtor has been delivered by the 
operational creditor;  
(d) no notice of dispute  has been received by the operational creditor or there is no record of 
dispute in the information utility; and  
(e) there is no disciplinary proceeding pending against any resolution professional proposed 
under sub -section ( 4), if any ; 
(ii) reject the appl ication and communicate such decision to the operational creditor and the 
corporate debtor, if — 
(a) the application made under sub -section ( 2) is incomplete;  
(b) there has been 3[payment ] of the unpaid operational debt;  
(c) the creditor has not delivered t he invoice or notice for payment to the corporate debtor;  
(d) notice of dispute has been received by the operational creditor or there is a record of 
dispute in the information utility; or  
(e) any disciplinary proceeding is pending against any pr oposed res olution professional:  
                                                      
1. Subs. by  Act 26 of 2018, s. 6, for “by the cor porate debtor; and ” (w.e.f. 6 -6-2018).  
2. Subs. by s. 6, ibid., for “clause ( d) such other information as may be specified” (w.e.f. 6 -6-2018).  
3. Subs. by s. 6, ibid., for “repayment” (w.e.f. 6 -6-2018).  

25 Provided that Adjudicating Authority, shall before rejecting an application under  
sub-clause ( a) of clause ( ii) give a notice to the applicant to rectify the defect in his application 
within seven days of the date of receipt of such notice from the Adjudicating Authority.  
(6) The corporate insolvency resolution process shall commence from the date of admission of the 
application under sub -section ( 5) of this section.","corporate insolvency resolution process","insolvency_petition",""
"","","","","CIRP","notice_of_demand",""
"","","","","operational creditor","resolution_plan",""
"","","","","Adjudicating Authority","order_of_adjudicating_authority",""
"","","","","application","information_utility_record",""
"","","","","admission","",""
"","","","","rejection","",""
"","","","","unpaid operational debt","",""
"","","","","dispute","",""
"","","","","resolution professional","",""
"","","","","commencement","",""
"","","","","insolvency","",""
"The Insolvency And Bankruptcy Code, 2016","10","Initiation of corporate insolvency resolution process by corporate applicant","10. Initiation of corporate insolvency resolution process by corpora te applicant .—(1) Where a 
corporate debtor has committed a default, a corporate applicant thereof may file an application for 
initiating corporate insolvency resolution process with the Adjudicating Authority.  
(2) The application under sub -section ( 1) shal l be filed in such form, containing such particulars and 
in such manner and accompanied with such fee as may be prescribed.  
1[(3) The corporate applicant shall, along with the application, furnish —  
(a) the information relating to its books of account and such other documents for such period as 
may be specified;  
(b) the information relating to the resolution professional proposed to be appointed as an interim 
resolution professional; and  
(c) the special  resolution passed by shareholders of the corporate d ebtor or the resolution passed by at 
least three -fourth of the total number of partners of the corporate debtor, as the case may be, approving 
filing of the application.];  
 (4) The Adjudicating Authority shall, within a period of fourteen days of the recei pt of the 
application, by an order — 
(a) admit the application, if it is complete; 2[and no disciplinary proceeding is pending against the 
proposed resolution professional] or 
(b) reject the application, if it is incomplete:  2[or any disciplinary proceeding  is pending against 
the proposed resolution professional]  
Provided that Adjudicating Authority shall, before rejecting an application, give a notice to the 
applicant to rectify the defects in his application within seven days from the date of receipt of su ch notice 
from the Adjudicating Authority.  
(5) The corporate insolvency resolution process shall commence from the date of admission of the 
application under sub -section ( 4) of this section.  
1. Subs. by  Act 26 of 2018, s. 7, for “section 10 of sub-section ( 3)” (w.e.f. 6 -6-2018).  
2. Ins. by s. 7, ibid. (w.e.f. 6 -6-2018).  ","corporate insolvency resolution process","insolvency_petition",""
"","","","","CIRP","board_resolution",""
"","","","","corporate debtor","shareholder_resolution",""
"","","","","corporate applicant","partner_resolution",""
"","","","","Adjudicating Authority","books_of_account",""
"","","","","application","order_of_adjudicating_authority",""
"","","","","default","company_policy",""
"","","","","books of account","",""
"","","","","resolution professional","",""
"","","","","shareholders resolution","",""
"","","","","partners resolution","",""
"","","","","admission","",""
"","","","","rejection","",""
"","","","","commencement","",""
"","","","","insolvency","",""
"The Insolvency And Bankruptcy Code, 2016","11","Persons not entitled to make application","11. Persons not entitled to make application .—The following perso ns shall not be entitled to make 
an application to initiate corp orate insolvency resolution process under this Chapter, namely: — 
(a) a corporate debtor undergoing a corporate insolvency resolution process; or  
(b) a corporate debtor having completed corpora te insolvency resolution process twelve months 
preceding the date of making of the application; or  
(c) a corporate debtor or a financial creditor who has violated any of the terms of resolution plan 
which was approved twelve months before the date of makin g of an application under this Chapter; or  
(d) a corporate debtor in respect of whom a liquidation order has been made.  
3[Explanation  I].—For the purposes of this section, a corporate debtor includes a corporate applicant 
in respect of such corporate debto r. 
                                                      
1. Subs. by  Act 26 of 2018, s. 7, for “section 10 of sub-section ( 3)” (w.e.f. 6 -6-2018).  
2. Ins. by s. 7, ibid. (w.e.f. 6 -6-2018).  
3. The existing Explanation  shall be numbered as Explanation I by Act 1 of 2020, s. 4 (w.e.f. 28 -12-2019).  

26 1[Explanation  II.—For the purposes of this section, it is hereby clarified that nothing in this section 
shall prevent a corporate debtor referred to in clauses ( a) to ( d) from initiating corporate insolvency 
resolution process against another corporate  debtor.]  ","corporate insolvency resolution process","insolvency_petition",""
"","","","","CIRP","resolution_plan",""
"","","","","application","liquidation_order",""
"","","","","ineligible persons","",""
"","","","","corporate debtor","",""
"","","","","financial creditor","",""
"","","","","resolution plan","",""
"","","","","liquidation order","",""
"","","","","insolvency","",""
"The Insolvency And Bankruptcy Code, 2016","12","Time-limit for completion of insolvency resolution process","12. Time -limit for completion of insolvency resolution process .—(1) Subject to sub -section ( 2), 
the corporate insolvency resolution process shall be completed within a period of one hundred and eighty 
days from the date of admission of the applic ation to initiate such process.  
(2) The resolution professional shall file an application to the Adjudicating Authority to extend the 
period of the corporate insolvency resolution process beyond one hundred and eighty days, if instructed to 
do so by a reso lution passed at a meeting of the committee of creditors by a vote of 2[sixty -six] per cent. 
of the voting shares.  
(3) On receipt of an application under sub -section ( 2), if the Adjudicating Authority is satisfied that 
the subject matter of the case is suc h that corporate insolvency resolution process cannot be completed 
within one hundred and eighty days, it may by order extend the duration of such process beyond one 
hundred and eighty days by such further period as it thinks fit, but not exceeding ninety days:  
Provided that any extension of the period of corporate insolvency resolution process under this 
section shall not be granted more than once.  
 3[Provided further that the corporate insolvency resolution process shall mandatorily be completed 
within a period of three hundred and thirty days from the insolvency commencement date, including any 
extension of the period of corporate insolvency resolution process granted under this section and the time 
taken in legal proceedings in relation to such resolutio n process of the corporate debtor:  
Provided  also that where the insolvency resolution process of a corporate debtor is pending and has 
not been completed within the period referred to in the second proviso, such resolution process shall be 
completed within  a period of ninety days from the date of commencement of the Insolvency and 
Bankruptcy Code (Amendment) Act, 2019.]  ","corporate insolvency resolution process","insolvency_petition",""
"","","","","CIRP","order_of_adjudicating_authority",""
"","","","","time limit","committee_of_creditors_resolution",""
"","","","","extension","application_for_extension",""
"","","","","Adjudicating Authority","",""
"","","","","resolution professional","",""
"","","","","committee of creditors","",""
"","","","","insolvency commencement date","",""
"","","","","legal proceedings","",""
"","","","","insolvency","",""
"The Insolvency And Bankruptcy Code, 2016","12A","Withdrawal of application admitted under section 7, 9 or 10","4[12A. Withdrawal  of application admitted under section 7, 9 or 10. —The Adjudicating Authority 
may allow the withdrawal of application admi tted under section 7 or section 9 or section 10, on an 
application made by the applicant with the approval of ninety per cent. voting share of the committee of 
creditors, in such manner as may be specified.].  ","corporate insolvency resolution process","insolvency_petition",""
"","","","","CIRP","application_for_withdrawal",""
"","","","","withdrawal of application","committee_of_creditors_resolution",""
"","","","","Adjudicating Authority","order_of_adjudicating_authority",""
"","","","","committee of creditors","",""
"","","","","section 7","",""
"","","","","section 9","",""
"","","","","section 10","",""
"","","","","insolvency","",""
"The Insolvency And Bankruptcy Code, 2016","13","Declaration of moratorium and public announcement","13. Declaration of moratorium and public announ cement .—(1) The Adjudicating Authority, after 
admission of the application under section 7 or section 9 or section 10, shall, by an order — 
(a) declare a moratorium for the purposes referred to in section 14;  
(b) cause a public announcement of the initiatio n of corporate insolvency resolution process and 
call for the submission of claims under section 15; and  
(c) appoint an interim resolution professional in the manner as laid down in","corporate insolvency resolution process","order_of_adjudicating_authority",""
"","","","","CIRP","public_announcement",""
"","","","","moratorium","claim_form",""
"","","","","public announcement","insolvency_petition",""
"","","","","Adjudicating Authority","",""
"","","","","interim resolution professional","",""
"","","","","claims","",""
"","","","","insolvency","",""
"The Insolvency And Bankruptcy Code, 2016","16(2)","Public announcement after IRP appointment","The public announcement referred to in clause ( b) of sub -section ( 1) shall be made immediately after the appointment of the interim resolution professional.","public announcement","public announcement",""
"","","","","interim resolution professional","insolvency application",""
"","","","","appointment","",""
"","","","","insolvency","",""
"The Insolvency And Bankruptcy Code, 2016","14","Moratorium","14. Moratorium .—(1) Subject to provisions of sub -sections ( 2) and ( 3), on the insolvency commencement date, the Adjudicating Authority shall by order declare moratorium for prohibiting all of the following, namely: — (a) the institution of suits or continuation of pending suits or proceedings against the corporate debtor including execution of any judgment, decree or order in any court of law, tribunal, arbitra tion panel or other authority; (b) transferring, encumbering, alienating or disposing of by the corporate debtor any of its assets or any legal right or beneficial interest therein; (c) any action to foreclose, recover or enforce any security interest cre ated by the corporate debtor in respect of its property including any action under the Securitisation and Reconstruction of Financial Assets and Enforcement of Security Interest Act, 2002 (54 of 2002) ; (d) the recovery of any property by an owner or lessor where such property is occupied by or in the possession of the corporate debtor. Explanation .—For the purposes of this sub -section, it is hereby clarified that notwithstanding anything contained in any other law for the time being in force, a license, permit, registration, quota, concession, clearances or a similar grant or right given by the Central Government, State Government, local authority, sectoral regulator or any other authority constituted under any other law for the time being in force, shall not be suspended or terminated on the grounds of insolvency, subject to the condition that there is no default in payment of current dues arising for the use or continuation of the license, permit, registration, quota, concession, clearances or a similar grant or right during the moratorium period; (2) The supply of essential goods or services to the corporate debtor as may be specified shall not be terminated or suspended or interrupted during moratorium period. (2A) Where the interim resolution professional or resolution professional, as the case may be, considers the supply of goods or services critical to protect and preserve the value of the corporate debtor and manage the operations of such corporate debtor as a going concern, then the supply of such goods or services shall not be terminated, suspended or interrupted during the period of moratorium, except where such corporate debtor has not paid dues arising from such supply during the moratorium period or in such circumstances as may be specified; (3) The provisions of sub -section (1) shall not apply to — (a) such transactions, agreements or other arrangements as may be notified by the Central Government in consultation with any financial sector regulator or any other authority; (b) a surety in a contract of guarantee to a corporate debtor. (4) The order of moratorium shall have effect from the date of such order till the completion of the corporate insolvency resolution process: Provided that where at any time during the corporate insolvency resolution process period, if the Adjudicating Authority approves the resolution plan under sub -section ( 1) of section 31 or passes an order for liquidation of corporate debtor under section 33, the moratorium shall cease to have effect from the date of such approval or liquidation order, as the case may be.","moratorium","insolvency application",""
"","","","","insolvency commencement date","moratorium order",""
"","","","","Adjudicating Authority","corporate insolvency resolution process document",""
"","","","","corporate debtor","resolution plan",""
"","","","","suits","liquidation order",""
"","","","","proceedings","employment_agreement",""
"","","","","assets","company_policy",""
"","","","","security interest","",""
"","","","","property","",""
"","","","","essential goods","",""
"","","","","essential services","",""
"","","","","license","",""
"","","","","permit","",""
"","","","","registration","",""
"","","","","quota","",""
"","","","","concession","",""
"","","","","clearances","",""
"","","","","resolution plan","",""
"","","","","liquidation","",""
"The Insolvency And Bankruptcy Code, 2016","15","Public announcement of corporate insolvency resolution process","15. Public announcement of corporate insolvency resolution process. —(1) The public announcement of the corporate insolvency resolution process under the order referred to in section 13 shall contain the following information, namely: — (a) name and address of the corporate debtor under the corporate insolvency resolution process; (b) name of the authority with which the corporate debtor is incorporated or registered; (c) the last date for submission of claims, as may be specified ; (d) details of the interim resolution professional who shall be vested with the management of the corporate debtor and be responsible for receiving claims; (e) penalties for false or misleading claims; and (f) the date on which the corporate insolvency resolution process shall close, which shall be the one hundred and eightieth day from the date of the admission of the application under sections 7, 9 or section 10, as the case may be. (2) The public announcement under this section shall be made in such manner as may be specified.","public announcement","public announcement",""
"","","","","corporate insolvency resolution process","insolvency application",""
"","","","","corporate debtor","claims submission form",""
"","","","","claims","",""
"","","","","interim resolution professional","",""
"","","","","closure date","",""
"","","","","insolvency application","",""
"The Insolvency And Bankruptcy Code, 2016","16","Appointment and tenure of interim resolution professional","16. Appointment and tenure of interim resolution professional. —(1) The Adjudicating Authority shall appoint an interim resolution professional on the insolvency commencement date . (2) Where the application for corporate insolvency resolution process is made by a financial creditor or the corporate debtor, as the case may be, the resolution professional, as proposed respectively in the application under section 7 or section 10, shall be appointed as the interim resolution professional, if no disciplinary proceedings are pending against him. (3) Where the application for corporate insolvency resolution process is made by an operational creditor and — (a) no proposal for an interim resolution professional is made, the Adjudicating Authority shall make a reference to the Board for the recommendation of an insolvency professional who may act as an interim resolution professional; (b) a proposal for an interim resolution professional is made under sub -section (4) of section 9, the resolution professional as proposed, shall be appointed as the interim resolution professional, if no disciplinary proceedings are pending against him. (4) The Board shall, within ten days of the receipt of a reference from the Adjudicating Authority under sub -section ( 3), recommend the name of an insolvency professional to the Adjudicating Authority against whom no disciplinary proceedings are pending. (5) The term of the interim resolution professional shall continue till the date of appointment of the resolution professional under section 22 .","interim resolution professional","insolvency application",""
"","","","","appointment","appointment letter (IRP)",""
"","","","","tenure","resolution professional appointment",""
"","","","","Adjudicating Authority","",""
"","","","","financial creditor","",""
"","","","","corporate debtor","",""
"","","","","operational creditor","",""
"","","","","disciplinary proceedings","",""
"","","","","insolvency professional","",""
"","","","","Board","",""
"","","","","insolvency commencement date","",""
"The Insolvency And Bankruptcy Code, 2016","17","Management of affairs of corporate debtor by interim resolution professional","17. Management of affairs of corporate debtor by interim resolution professional. —(1) From the date of appointment of the interim resolution professional, — (a) the management of the affair s of the corporate debtor shall vest in the interim resolution professional; (b) the powers of the board of directors or the partners of the corporate debtor, as the case may be, shall stand suspended and be exercised by the interim resolution professional ; (c) the officers and managers of the corporate debtor shall report to the interim resolution professional and provide access to such documents and records of the corporate debtor as may be required by the interim resolution professional; (d) the financia l institutions maintaining accounts of the corporate debtor shall act on the instructions of the interim resolution professional in relation to such accounts and furnish all information relating to the corporate debtor available with them to the interim re solution professional. (2) The interim resolution professional vested with the management of the corporate debtor shall — (a) act and execute in the name and on behalf of the corporate debtor all deeds, receipts, and other documents, if any; (b) take such actions, in the manner and subject to such restrictions, as may be specified by the Board; (c) have the authority to access the electronic records of corporate debtor from information utility having financial information of the corporate debtor; (d) have the authority to access the books of account, records and other relevant documents of corporate debtor available with government authorities, statutory auditors, accountants and such other persons as may be specified ; and (e) be responsible for complying with the requirements under any law for the time being in force on behalf of the corporate debtor.","interim resolution professional","appointment letter (IRP)",""
"","","","","management","board resolution",""
"","","","","corporate debtor","company policy",""
"","","","","board of directors","financial records",""
"","","","","partners","compliance reports",""
"","","","","powers suspended","deeds",""
"","","","","officers","receipts",""
"","","","","managers","",""
"","","","","financial institutions","",""
"","","","","deeds","",""
"","","","","receipts","",""
"","","","","documents","",""
"","","","","electronic records","",""
"","","","","information utility","",""
"","","","","books of account","",""
"","","","","government authorities","",""
"","","","","statutory auditors","",""
"","","","","compliance","",""
"The Insolvency And Bankruptcy Code, 2016","18","Duties of interim resolution professional","18. Duties of interim resolution professional. —The interim resolution professional shall perform the following duties, namely: — (a) collect all inform ation relating to the assets, finances and operations of the corporate debtor for determining the financial position of the corporate debtor, including information relating to — (i) business operations for the previous two years; (ii) financial and operatio nal payments for the previous two years; (iii) list of assets and liabilities as on the initiation date; and (iv) such other matters as may be specified; (b) receive and collate all the claims submitted by creditors to him, pursuant to the public announcem ent made under sections 13 and 15; (c) constitute a committee of creditors; (d) monitor the assets of the corporate debtor and manage its operations until a resolution professional is appointed by the committee of creditors; (e) file information collected with the informa tion utility, if necessary; and (f) take control and custody of any asset over which the corporate debtor has ownership rights as recorded in the balance sheet of the corporate debtor, or with information utility or the depository of securi ties or any other registry that records the ownership of assets including — (i) assets over which the corporate debtor has ownership rights which may be located in a foreign country; (ii) assets that may or may not be in possession of the corporate debtor; (iii) tangible assets , whether movable or immovable; (iv) intangible assets including intellectual property; (v) securities including shares held in any subsidiary of the corporate debtor, financial instruments, insurance policies; (vi) assets subject to the determination of own ership by a court or authority; (g) to perform such other duties as may be specified by the Board. Explanation .—For the purposes of this section , the term “assets ” shall not include the following, namely: — (a) assets owned by a third party in possession of the corporate debtor held under trust or under contractual arrangements including bailment; (b) assets of any Indian or foreign subsidia ry of the corporate debtor; and (c) such other assets as may be notified by the Central Government in consultation with any financial sector regulator.","interim resolution professional","IRP report",""
"","","","","duties","financial statements",""
"","","","","assets","list of assets and liabilities",""
"","","","","finances","claim forms",""
"","","","","operations","committee of creditors formation document",""
"","","","","financial position","asset register",""
"","","","","business operations","balance sheet",""
"","","","","financial payments","",""
"","","","","operational payments","",""
"","","","","liabilities","",""
"","","","","claims","",""
"","","","","creditors","",""
"","","","","committee of creditors","",""
"","","","","monitor assets","",""
"","","","","manage operations","",""
"","","","","information utility","",""
"","","","","control","",""
"","","","","custody","",""
"","","","","ownership rights","",""
"","","","","balance sheet","",""
"","","","","tangible assets","",""
"","","","","intangible assets","",""
"","","","","intellectual property","",""
"","","","","securities","",""
"","","","","shares","",""
"","","","","financial instruments","",""
"","","","","insurance policies","",""
"","","","","third party assets","",""
"","","","","subsidiary assets","",""
"The Insolvency And Bankruptcy Code, 2016","19","Personnel to extend cooperation to interim resolution professional","19. Personnel to extend cooperation to interim resolution professional. —(1) The personnel of the corporate debtor, its promoters or any other person associated with the management of the corporate debtor shall extend all assistance and cooperation to the interim resolution professional as may be required by him in managing the affairs of the corporate debtor. (2) Where any personnel of the corporate debtor, its promoter or any other person required to assist or cooperate","personnel","IRP instructions",""
"","","","","corporate debtor","notice to cooperate",""
"","","","","promoters","",""
"","","","","management","",""
"","","","","assistance","",""
"","","","","cooperation","",""
"","","","","interim resolution professional","",""
"The Insolvency And Bankruptcy Code, 2016","20","Management of operations of corporate debtor as going concern","(1) The interim resolution professional shall make every endeavour to protect and preserve the value of the property of the corporate debtor and manage the operations of the corporate debtor as a going concern. (2) For the purposes of sub-section (1), the interim resolution professional shall have the authority — (a) to appoint accountants, legal or other professionals as may be necessary; (b) to enter into contracts on behalf of the corporate debtor or to amend or modify the contracts or transactions which were entered into before the commencement of corporate insolvency resolution process; (c) to raise interim finance provided that no security interest shall be created over any encumbered property of the corporate debtor without the prior consent of the creditors whose debt is secured over such encumbered property: Provided that no prior consent of the creditor shall be required where the value of such property is not less than the amount equivalent to twice the amount of the debt. (d) to issue instructions to personnel of the corporate debtor as may be necessary for keeping the corporate debtor as a going concern; and (e) to take all such actions as are necessary to keep the corporate debtor as a going concern.","interim resolution professional","company_policy",""
"","","","","corporate debtor","contract",""
"","","","","going concern","financial_statement",""
"","","","","operations management","legal_notice",""
"","","","","property preservation","insolvency_resolution_plan",""
"","","","","accountants","",""
"","","","","legal professionals","",""
"","","","","contracts","",""
"","","","","interim finance","",""
"","","","","security interest","",""
"","","","","creditors consent","",""
"","","","","corporate insolvency resolution process","",""
"The Insolvency And Bankruptcy Code, 2016","21","Committee of creditors","(1) The interim resolution professional shall after collation of all claims received against the corporate debtor and determination of the financial position of the corporate debtor, constitute a committee of creditors. (2) The committee of creditors shall comprise all financial creditors of the corporate debtor: Provided that a financial creditor or the authorised representative of the financial creditor referred to in sub-section (6) or sub-section (6A) or sub-section (5) of section 24, if it is a related party of the corporate debtor, shall not have any right of representation, participation or voting in a meeting of the committee of creditors. Provided further that the first proviso shall not apply to a financial creditor, regulated by a financial sector regulator, if it is a related party of the corporate debtor solely on account of conversion or substitution of debt into equity shares or instruments convertible into equity shares or completion of such transactions as may be prescribed, prior to the insolvency commencement date.; (3) Subject to sub-sections (6) and (6A), where the corporate debtor owes financial debts to two or more financial creditors as part of a consortium or agreement, each such financial creditor shall be part of the committee of creditors and their voting share shall be determined on the basis of the financial debts owed to them. (4) Where any person is a financial creditor as well as an operational creditor, — (a) such person shall be a financial creditor to the extent of the financial debt owed by the corporate debtor, and shall be included in the committee of creditors, with voting share proportionate to the extent of financial debts owed to such creditor; (b) such person shall be considered to be an operational creditor to the extent of the operational debt owed by the corporate debtor to such creditor. (5) Where an operational creditor has assigned or legally transferred any operational debt to a financial creditor, the assignee or transferee shall be considered as an operational creditor to the extent of such assignment or legal transfer. (6) Where the terms of the financial debt extended as part of a consortium arrangement or syndicated facility *** provide for a single trustee or agent to act for all financial creditors, each financial creditor may— (a) authorise the trustee or agent to act on his behalf in the committee of creditors to the extent of his voting share; (b) represent himself in the committee of creditors to the extent of his voting share; (c) appoint an insolvency professional (other than the resolution professional) at his own cost to represent himself in the committee of creditors to the extent of his voting share; or (d) exercise his right to vote to the extent of his voting share with one or more financial creditors jointly or severally. (6A) Where a financial debt — (a) is in the form of securities or deposits and the terms of the financial debt provide for appointment of a trustee or agent to act as authorised representative for all the financial creditors, such trustee or agent shall act on behalf of such financial creditors; (b) is owed to a class of creditors exceeding the number as may be specified, other than the creditors covered under clause (a) or sub-section (6), the interim resolution professional shall make an application to the Adjudicating Authority along with the list of all financial creditors, containing the name of an insolvency professional, other than the interim resolution professional, to act as their authorised representative who shall be appointed by the Adjudicating Authority prior to the first meeting of the committee of creditors; (c) is represented by a guardian, executor or administrator, such person shall act as authorised representative on behalf of such financial creditors, and such authorised representative under clause (a) or clause (b) or clause (c) shall attend the meetings of the committee of creditors, and vote on behalf of each financial creditor to the extent of his voting share. (6B) The remuneration payable to the authorised representative — (i) under clauses (a) and (c) of sub-section (6A), if any, shall be as per the terms of the financial debt or the relevant documentation; and (ii) under clause (b) of sub-section (6A) shall be as specified which shall form part of the insolvency resolution process costs. (7) The Board may specify the manner of voting and the determining of the voting share in respect of financial debts covered under sub-sections (6) and (6A). (8) Save as otherwise provided in this Code, all decisions of the committee of creditors shall be taken by a vote of not less than fifty-one per cent. of voting share of the financial creditors: Provided that where a corporate debtor does not have any financial creditors, the committee of creditors shall be constituted and shall comprise of such persons to exercise such functions in such manner as may be specified. (9) The committee of creditors shall have the right to require the resolution professional to furnish any financial information in relation to the corporate debtor at any time during the corporate insolvency resolution process. (10) The resolution professional shall make available any financial information so required by the committee of creditors under sub-section (9) within a period of seven days of such requisition.","committee of creditors","debt_agreement",""
"","","","","financial creditors","consortium_agreement",""
"","","","","operational creditors","financial_statement",""
"","","","","related party","voting_agreement",""
"","","","","voting share","company_policy",""
"","","","","authorised representative","insolvency_resolution_plan",""
"","","","","insolvency professional","legal_notice",""
"","","","","consortium arrangement","board_resolution",""
"","","","","syndicated facility","",""
"","","","","Adjudicating Authority","",""
"","","","","insolvency resolution process costs","",""
"","","","","financial information","",""
"","","","","corporate debtor","",""
"","","","","claims","",""
"","","","","financial position","",""
"The Insolvency And Bankruptcy Code, 2016","22","Appointment of resolution professional","(1) The first meeting of the committee of creditors shall be held within seven days of the constitution of the committee of creditors. (2) The committee of creditors, may, in the first meeting, by a majority vote of not less than sixty-six per cent. of the voting share of the financial creditors, either resolve to appoint the interim resolution professional as a resolution professional or to replace the interim resolution professional by another resolution professional. (3) Where the committee of creditors resolves under sub-section (2)— (a) to continue the interim resolution professional as resolution professional, subject to a written consent from the interim resolution professional in the specified form it shall communicate its decision to the interim resolution professional, the corporate debtor and the Adjudicating Authority; or (b) to replace the interim resolution professional, it shall file an application before the Adjudicating Authority for the appointment of the proposed resolution professional along with a written consent from the proposed resolution professional in the specified form. (4) The Adjudicating Authority shall forward the name of the resolution professional proposed under clause (b) of sub-section (3) to the Board for its confirmation and shall make such appointment after confirmation by the Board. (5) Where the Board does not confirm the name of the proposed resolution professional within ten days of the receipt of the name of the proposed resolution professional, the Adjudicating Authority shall, by order, direct the interim resolution professional to continue to function as the resolution professional until such time as the Board confirms the appointment of the proposed resolution professional.","resolution professional","appointment_letter",""
"","","","","interim resolution professional","consent_letter",""
"","","","","committee of creditors","board_resolution",""
"","","","","Adjudicating Authority","application_form",""
"","","","","Board","insolvency_resolution_plan",""
"","","","","appointment","meeting_minutes",""
"","","","","replacement","",""
"","","","","majority vote","",""
"","","","","written consent","",""
"","","","","first meeting","",""
"","","","","corporate debtor","",""
"The Insolvency And Bankruptcy Code, 2016","23","Resolution professional to conduct corporate insolvency resolution process","(1) Subject to section 27, the resolution professional shall conduct the entire corporate insolvency resolution process and manage the operations of the corporate debtor during the corporate insolvency resolution process period. Provided that the resolution professional shall continue to manage the operations of the corporate debtor after the expiry of the corporate insolvency resolution process period, until an order approving the resolution plan under sub-section (1) of section 31 or appointing a liquidator under section 34 is passed by the Adjudicating Authority. (2) The resolution professional shall exercise powers and perform duties as are vested or conferred on the interim resolution professional under this Chapter. (3) In case of any appointment of a resolution professional under sub-section (4) of section 22, the interim resolution professional shall provide all the information, documents and records pertaining to the corporate debtor in his possession and knowledge to the resolution professional.","resolution professional","insolvency_resolution_plan",""
"","","","","corporate insolvency resolution process","company_policy",""
"","","","","corporate debtor","information_memorandum",""
"","","","","operations management","financial_statement",""
"","","","","resolution plan","order_of_authority",""
"","","","","liquidator","",""
"","","","","Adjudicating Authority","",""
"","","","","interim resolution professional","",""
"","","","","information sharing","",""
"","","","","documents","",""
"","","","","records","",""
"The Insolvency And Bankruptcy Code, 2016","24","Meeting of committee of creditors","(1) The members of the committee of creditors may meet in person or by such electronic means as may be specified. (2) All meetings of the committee of creditors shall be conducted by the resolution professional. (3) The resolution professional shall give notice of each meeting of the committee of creditors to — (a) members of committee of creditors, including the authorised representatives referred to in sub-sections (6) and (6A) of section 21 and sub-section (5); (b) members of the suspended Board of Directors or the partners of the corporate persons, as the case may be; (c) operational creditors or","committee of creditors","meeting_notice",""
"","","","","meeting","meeting_minutes",""
"","","","","resolution professional","board_resolution",""
"","","","","notice","company_policy",""
"","","","","authorised representatives","email_correspondence",""
"","","","","Board of Directors","",""
"","","","","partners","",""
"","","","","corporate persons","",""
"","","","","operational creditors","",""
"The Insolvency And Bankruptcy Code, 2016","24","Meetings of committee of creditors","their representatives if the amount of their aggregate dues is not less than ten per cent. of the debt. 
(4) The directors, partners and one representative of operational creditors, as referred to in                   sub-section ( 3), may attend the meetings of committee of creditors, but shall not have any right to vote in 
such meetings: 
Provided that  the absence of any such direct or, partner or representative of operational creditors, as 
the case may be, shall not invalidate proceedings of such meeting. 
(5) 3[Subject to  sub-sections ( 6), (6A) and ( 6B) of section 21, any creditor] who is a member of the 
committee of creditors may appoint an insolvency professional other than the resolution professional to 
represent such creditor in a meeting of the committee of creditors: 
Provided that the fees payable to such insolvency professional representing any individual creditor 
will be borne by such creditor. 
(6) Each creditor shall vote in accordance with the votin g share assigned to him based on the financial 
debts owed to such creditor. 
(7) The resolution professional shall determine the voting share to be assigned to each creditor in the 
manner specified by the Board. 
(8) The meetings of the committee of creditor s shall be conducted in such manner as may be 
specified.","committee of creditors","minutes of meeting",""
"","","","","meetings","voting instructions",""
"","","","","operational creditors","appointment letter",""
"","","","","representatives","",""
"","","","","voting rights","",""
"","","","","insolvency professional","",""
"","","","","resolution professional","",""
"","","","","voting share","",""
"","","","","financial debts","",""
"The Insolvency And Bankruptcy Code, 2016","25","Duties of resolution professional","34 25. Duties of resolution professional .—(1) It shall be the duty of the resolution professional to 
preserve and protect the assets of the corporate debtor, including the continued business operations of the 
corporate debtor. 
(2) For the purposes of sub -section ( 1), the resolution professional shall undertake the following 
actions, namely: — 
(a) take immediate custody and control of all the assets of the corporate debtor, including the 
business records o f the corporate debtor; 
(b) represent and act on behalf of the corporate debtor with third parties, exercise rights for the 
benefit of the corporate debtor in judicial, quasi -judicial or arbitration proceedings; 
(c) raise interim finances subject to the ap proval of the committee of creditors under section 28; 
(d) appoint accountants, legal or other professionals in the manner as specified by Board; 
(e) maintain an updated list of claims; 
(f) convene and attend all meetings of the committee of creditors; 
(g) prepare the information memorandum in accordance with section 29; 
1[(h) invite prospective resolution applicants, who fulfil such criteria as may be laid down by him 
with the approval of committee of creditors, having regard to the complexity and scale of  operations of 
the business of the corporate debtor and such other conditions as may be specified by the Board, to 
submit a resolution plan or plans.]. 
(i) present all resolution plans at the meetings of the committee of creditors; 
(j) file application for  avoidance of transactions in accordance with Chapter III, if any; and 
(k) such other actions as may be specified by the Board.","resolution professional","information memorandum",""
"","","","","duties","resolution plan",""
"","","","","corporate debtor","interim finance application",""
"","","","","assets","list of claims",""
"","","","","business operations","appointment letter",""
"","","","","interim finance","legal filings",""
"","","","","committee of creditors","company records",""
"","","","","claims","",""
"","","","","information memorandum","",""
"","","","","resolution plan","",""
"","","","","avoidance transactions","",""
"The Insolvency And Bankruptcy Code, 2016","25A","Rights and duties of authorised representative of financial creditors","2[25A. Rights and duties of authorised representative of financial creditors. —(1) The authorised 
representative under sub -sectio n (6) or sub -section ( 6A) of section 21 or sub -section ( 5) of section 24 shall 
have the right to participate and vote in meetings of the committee of creditors on behalf of the financial 
creditor he represents in accordance with the prior voting instructio ns of such creditors obtained through 
physical or electronic means. 
(2) It shall  be the duty of the authorised representative to circulate the agenda and minutes of the 
meeting of the committee of creditors to the financial creditor he represents. 
 (3) The authorised representative shall not act against the interest of the financial creditor he 
represents and shall always act in accordance with their prior instructions: 
Provided that if the authorised representative represents several financial creditors,  then he shall 
cast his vote in respect of each financial creditor in accordance with instructions received from each 
financial creditor, to the extent of his voting share: 
Provided further that if any financial creditor does not give prior instructions t hrough physical or 
electronic means, the authorised representative shall abstain from voting on behalf of such creditor. 
3[(3A) Notwithstanding anything to the contrary contained in sub -section ( 3), the authorised 
representative under sub -section ( 6A) of s ection 21 shall cast his vote on behalf of all the financial 
                                                      
1. Subs. by Act 8 of 2018, s.  4, for sub-section ( 2)  (w.e.f. 23 -11-2017). 
2. Ins. by  Act 26 of 2018, s. 19 (w.e.f. 6 -6-2018).  
3. Ins. by Act 26 of 2019, s. 5 (w.e.f. 16 -08-2019).  

35 creditors he  represents  in accordance with the decision taken by a vote of more than fifty per cent. of 
the voting share of the financial creditors he represents, who have cast their vote: 
Provid ed that for a vote  to be cast in respect of an application under section 12A, the authorised 
representative shall cast his vote in accordance with the provisions of sub -section ( 3).] 
 (4) The authorised representative shall file with the committee of credi tors any instructions 
received by way of physical or electronic means, from the financial creditor he represents, for voting 
in accordance therewith, to ensure that the appropriate voting instructions of the financial creditor he 
represents is correctly re corded by the interim resolution professional or resolution professional, as 
the case may be. 
Explanation .—For the purposes of this section, the “electronic means ” shall be such as may be 
specified.]","authorised representative","voting instructions",""
"","","","","financial creditors","minutes of meeting",""
"","","","","committee of creditors","agenda for meeting",""
"","","","","voting","representation agreement",""
"","","","","prior instructions","",""
"","","","","duties","",""
"","","","","rights","",""
"","","","","voting share","",""
"","","","","resolution professional","",""
"","","","","interim resolution professional","",""
"The Insolvency And Bankruptcy Code, 2016","26","Application for avoidance of transactions not to affect proceedings","26. Application for avoidance of transactions not to af fect proceedings. —The filing of an 
avoidance application under clause ( j) of sub -section ( 2) of section 25 by the resolution professional shall 
not affect the proceedings of the corporate insolvency resolution process.","avoidance transactions","avoidance application",""
"","","","","resolution professional","legal filings",""
"","","","","corporate insolvency resolution process","",""
"","","","","application","",""
"","","","","proceedings","",""
"The Insolvency And Bankruptcy Code, 2016","27","Replacement of resolution professional by committee of creditors","27. Replacement of resolution profess ional by committee of creditors .—(1) Where, at any time 
during the corporate insolvency resolution process, the committee of creditors is of the opinion that a 
resolution professional appointed under section 22 is required to be replaced, it may replace hi m with 
another resolution professional in the manner provided under this section. 
1[(2) The committee of creditors may, at a meeting, by a vote of sixty -six per cent. of voting shares, 
resolve to replace the resolution professional appointed under section 22 with another resolution 
professional, subject to a written consent from the proposed resolution professional in the specified form.] 
 (3) The committee of creditors shall forward the name of the insolvency professional proposed by 
them to the Adjudicati ng Authority. 
(4) The Adjudicating Authority shall forward the name of the proposed resolution professional to the 
Board for its confirmation and a resolution professional shall be appointed in the same manner as laid 
down in section 16.","resolution professional","resolution (CoC)",""
"","","","","replacement","consent letter",""
"","","","","committee of creditors","application to Adjudicating Authority",""
"","","","","corporate insolvency resolution process","appointment letter",""
"","","","","voting shares","",""
"","","","","Adjudicating Authority","",""
"","","","","insolvency professional","",""
"","","","","appointment","",""
"The Insolvency And Bankruptcy Code, 2016","28","Approval of committee of creditors for certain actions","28. Approval of co mmittee of creditors for certain actions. —(1) Notwithstanding anything 
contained in any other law for the time being in  force, the resolution professional, during the corporate 
insolvency resolution process, shall  not take any of the following actions with out the prior approval of the 
committee of creditors  namely: — 
(a) raise  any interim finance in excess of the amount as may be decided by the  committee of 
creditors in their  meeting;  
(b) create any security interest over the assets of the corporate debtor;  
(c) change the capital structure of the corporate debtor, including by way of  issuance of additional 
securities, creating a new class of securities or buying back or  redemption of issued securities in case 
the corporate debtor is a company;  
(d) record any change in the ownership interest of the corporate debtor;  
(e) give instructions to financial institutions maintaining accounts of the corporate  debtor for a 
debit transaction from any such accounts in excess of the amount as may  be decided by the committee  
of creditors in their meeting;  
(f) undertake any related party transaction;  
                                                      
1. Subs. by Act 26 of 201 8, s. 20, for sub-section  (2) (w.e.f. 6 -6-2018).   

36 (g) amend any constitutional documents of the corporate debtor;  
(h) delegate its authority to any other person;  
(i) dispose of or permit the disposal of shares of any shareholder of the corporate  debtor or their 
nominees to third parties;  
(j) make any change in the management of the corporate debtor or its subsidiary;  
(k) transfer rights or financial debts or operational debts under material contracts  otherwise than 
in the ordinary  course of business;  
(l) make changes in the appointment or terms of contract of such personnel as  specified by the 
committee of creditors; or  
(m) make changes in the appointment or terms of contract of statutory auditors  or internal 
auditors of the corpor ate debtor.  
(2) The resolution professional shall convene a meeting of the committee of creditors  and seek the 
vote of the creditors prior to taking any of the actions under sub -section ( 1). 
(3) No action under sub -section ( 1) shall be approved by the comm ittee of creditors  unless approved 
by a vote of 1[sixty -six] per cent. of the voting shares.  
(4) Where any action under sub -section ( 1) is taken by the resolution professional  without seeking the 
approval of the committee of creditors in the manner as requ ired in this  section, such action shall be void.  
(5) The committee of creditors may report the actions of the resolution professional  under                     
sub-section ( 4) to the Board for taking necessary actions against him under this Code.","committee of creditors","resolution (CoC)",""
"","","","","approval","interim finance application",""
"","","","","resolution professional","security agreement",""
"","","","","corporate insolvency resolution process","shareholder agreement",""
"","","","","interim finance","management agreement",""
"","","","","security interest","appointment letter",""
"","","","","capital structure","constitutional documents (AOA/MOA)",""
"","","","","ownership interest","transfer agreement",""
"","","","","related party transaction","audit contract",""
"","","","","constitutional documents","bank instructions",""
"","","","","delegation of authority","",""
"","","","","disposal of shares","",""
"","","","","management change","",""
"","","","","transfer of debts","",""
"","","","","personnel","",""
"","","","","auditors","",""
"","","","","voting shares","",""
"The Insolvency And Bankruptcy Code, 2016","29","Preparation of information memorandum","29. Prep aration of information memorandum. —(1) The resolution professional shall prepare an 
information memorandum in such  form and manner containing such relevant information as may be 
specified by the Board for  formulating a resolution plan.  
(2) The resolution p rofessional shall provide to the resolution applicant access to all  relevant 
information in physical and electronic form, provided such resolution applicant undertakes — 
(a) to comply with provisions of law for the time being in force relating to  confidenti ality and 
insider trading;  
(b) to protect any intellectual property of the corporate debtor it may have access  to; and  
(c) not to  share relevant information with third parties unless clauses ( a) and ( b) of this                  
sub-section are complied with . 
Explanation. —For the purposes of this section, “relevant information ” means the  information 
required by the resolution applicant to make the resolution plan for the corporate  debtor, which shall 
include the financial position of the corporate debtor, all  information  related to disputes by or against the 
corporate debtor and any other matter pertaining to the  corporate debtor","information memorandum","information memorandum",""
"","","","","resolution professional","resolution plan",""
"","","","","resolution plan","confidentiality agreement",""
"","","","","resolution applicant","non-disclosure agreement (NDA)",""
"","","","","corporate debtor","financial statements",""
"","","","","confidentiality","legal notices",""
"","","","","insider trading","",""
"","","","","intellectual property","",""
"","","","","financial position","",""
"","","","","disputes","",""
"The Insolvency And Bankruptcy Code, 2016","29A","Person not eligible to be resolution applicant.","A person shall not be eligible to submit a resolution plan, if such person, or any other person acting jointly or in concert with such person —
(a) is an undischarged insolvent;
(b) is a wilful defaulter in accordance with the guidelines of the Reserve Bank of India issued under the Banking Regulation Act, 1949;
(c) at the time of submission of the resolution plan has an account, or an account of a corporate debtor under the management or control of such person or of whom such person is a promoter, classified as non-performing asset in accordance with the guidelines of the Reserve Bank of India issued under the Banking Regulation Act, 1949 (10 1949) or the guidelines of a financial sector regulator issued under any other law for the time being in force, and at least a period of one year has lapsed from the date of such classification till the date of commencement of the corporate insolvency resolution process of the corporate debtor:
Provided that the person shall be eligible to submit a resolution plan if such person makes payment of all overdue amounts with interest thereon and charges relating to non-performing asset accounts before submission of resolution plan;
Provided further that nothing in this clause shall apply to a resolution applicant where such applicant is a financial entity and is not a related party to the corporate debtor.
Explanation I .—For the purposes of this proviso, the expression “related party ” shall not include a financial entity, regulated by a financial sector regulator, if it is a financial creditor of the corporate debtor and is a related party of the corporate debtor solely on account of conversion or substitution of debt into equity shares or instruments convertible into equity shares or completion of such transactions as may be prescribed, prior to the insolvency commencement date.
Explanation II .—For the purposes of this clause, where a resolution applicant has an account, or an account of a corporate debtor under the management or control of such person or of whom such person is a promoter, classified as non-performing asset and such account was acquired pursuant to a prior resolution plan approved under this Code, then, the provisions of this clause shall not apply to such resolution applicant for a period of three years from the date of approval of such resolution plan by the Adjudicating Authority under this Code;
(d) has been convicted for any offence punishable with imprisonment —
(i) for two years or more under any Act specified under the Twelfth Schedule; or
(ii) for seven years or more under any other law for the time being in force:
Provided that this clause shall not apply to a person after the expiry of a period of two years from the date of his release from imprisonment:
Provided further that this clause shall not apply in relation to a connected person referred to in clause (iii) of Explanation I;
(e) is disqualified to act as a director under the Companies Act, 2013;
Provided that this clause shall not apply in relation to a connected person referred to in clause (iii) of Explanation I;
(f) is prohibited by the Securities and Exchange Board of India from trading in securities or accessing the securities markets;
(g) has been a promoter or in the management or control of a corporate debtor in which a preferential transaction, undervalued transaction, extortionate credit transaction or fraudulent transaction has taken place and in respect of which an order has been made by the Adjudicating Authority under this Code;
Provided that this clause shall not apply if a preferential transaction, undervalued transaction, extortionate credit transaction or fraudulent transaction has taken place prior to the acquisition of the corporate debtor by the resolution applicant pursuant to a resolution plan approved under this Code or pursuant to a scheme or plan approved by a financial sector regulator or a court, and such resolution applicant has not otherwise contributed to the preferential transaction, undervalued transaction, extortionate credit transaction or fraudulent transaction;
(h) has executed a guarantee in favour of a creditor in respect of a corporate debtor against which an application for insolvency resolution made by such creditor has been admitted under this Code and such guarantee has been invoked by the creditor and remains unpaid in full or part;
(i) is subject to any disability, corresponding to clauses (a) to (h), under any law in a jurisdiction outside India; or
(j) has a connected person not eligible under clauses (a) to (i)
Explanation I — For the purposes of this clause, the expression “connected person ” means —
(i) any person who is the promoter or in the management or control of the resolution applicant; or
(ii) any person who shall be the promoter or in management or control of the business of the corporate debtor during the implementation of the resolution plan; or
(iii) the holding company, subsidiary company, associate company or related party of a person referred to in clauses (i) and (ii):
Provided that nothing in clause (iii) of Explanation I shall apply to a resolution applicant where such applicant is a financial entity and is not a related party of the corporate debtor:
Provided further that the expression “related party ” shall not include a financial entity, regulated by a financial sector regulator, if it is a financial creditor of the corporate debtor and is a related party of the corporate debtor solely on account of conversion or substitution of debt into equity shares or instruments convertible into equity shares or completion of such transactions as may be prescribed, prior to the insolvency commencement date;
Explanation II .—For the purposes of this section, “financial entity ” shall mean the following entities which meet such criteria or conditions as the Central Government may, in consultation with the financial sector regulator, notify in this behalf, namely: —
(a) a scheduled bank;
(b) any entity regulated by a foreign central bank or a securities market regulator or other financial sector regulator of a jurisdiction outside India which jurisdiction is compliant with the Financial Action Task Force Standards and is a signatory to the International Organisation of Securities Commissions Multilateral Memorandum of Understanding;
(c) any investment vehicle, registered foreign institutional investor, registered foreign portfolio investor or a foreign venture capital investor, where the terms shall have the meaning assigned to them in regulation 2 of the Foreign Exchange Management (Transfer or Issue of Security by a Person Resident Outside India) Regulations, 2017 made under the Foreign Exchange Management Act, 1999 (42 of 1999);
(d) an asset reconstruction company registered with the Reserve Bank of India under section 3 of the Securitisation and Reconstruction of Financial Assets and Enforcement of Security Interest Act, 2002 (54 of 2002);
(e) an Alternate Investment Fund registered with the Securities and Exchange Board of India;
(f) such categories of persons as may be notified by the Central Government.","resolution applicant","resolution_plan",""
"","","","","eligibility","insolvency_application",""
"","","","","insolvency","company_policy",""
"","","","","undischarged insolvent","legal_notice",""
"","","","","wilful defaulter","court_order",""
"","","","","non-performing asset","",""
"","","","","NPA","",""
"","","","","corporate debtor","",""
"","","","","promoter","",""
"","","","","related party","",""
"","","","","financial entity","",""
"","","","","conviction","",""
"","","","","disqualification","",""
"","","","","director","",""
"","","","","SEBI","",""
"","","","","preferential transaction","",""
"","","","","undervalued transaction","",""
"","","","","extortionate credit transaction","",""
"","","","","fraudulent transaction","",""
"","","","","guarantee","",""
"","","","","connected person","",""
"","","","","scheduled bank","",""
"","","","","investment vehicle","",""
"","","","","asset reconstruction company","",""
"","","","","AIF","",""
"The Insolvency And Bankruptcy Code, 2016","30","Submission of resolution plan.","(1) A resolution applicant may submit a resolution plan along with an affidavit stating that he is eligible under section 29A to the resolution professional prepared on the basis of the information memorandum.
(2) The resolution professional shall examine each resolution plan received by him to confirm that each resolution plan —
(a) provides for the payment of insolvency resolution process costs in a manner specified by the Board in priority to the payment of other debts of the corporate debtor;
(b) provides for the payment of debts of operational creditors in such manner as may be specified by the Board which shall not be less than —
(i) the amount to be paid to such creditors in the event of a liquidation of the corporate debtor under section 53; or
(ii) the amount that would have been paid to such creditors, if the amount to be distributed under the resolution plan had been distributed in accordance with the order of priority in sub-section (1) of section 53,
whichever is higher and provides for the payment of debts of financial creditors, who do not vote in favour of the resolution plan, in such manner as may be specified by the Board, which shall not be less than the amount to be paid to such creditors in accordance with sub-section (1) of section 53 in the event of a liquidation of the corporate debtor.
Explanation 1.—For the removal of doubts, it is hereby clarified that a distribution in accordance with the provisions of this clause shall be fair and equitable to such creditors.
Explanation 2.—For the purposes of this clause, it is hereby declared that on and from the date of commencement of the Insolvency and Bankruptcy Code (Amendment) Act, 2019, the provisions of this clause shall also apply to the corporate insolvency resolution process of a corporate debtor —
(i) where a resolution plan has not been approved or rejected by the Adjudicating Authority;
(ii) where an appeal has been preferred under section 61 or section 62 or such an appeal is not time barred under any provision of law for the time being in force; or
(iii) where a legal proceeding has been initiated in any court against the decision of the Adjudicating Authority in respect of a resolution plan;
(c) provides for the management of the affairs of the Corporate debtor after approval of the resolution plan;
(d) the implementation and supervision of the resolution plan;
(e) does not contravene any of the provisions of the law for the time being in force;
(f) conforms to such other requirements as may be specified by the Board.
Explanation.—For the purposes of clause (e), if any approval of shareholders is required under the Companies Act, 2013 or any other law for the time being in force for the implementation of actions under the resolution plan, such approval shall be deemed to have been given and it shall not be a contravention of that Act or law;
(3) The resolution professional shall present to the committee of creditors for its approval such resolution plans which confirm the conditions referred to in sub-section (2).
(4) The committee of creditors may approve a resolution plan","resolution plan","resolution_plan",""
"","","","","submission","affidavit",""
"","","","","resolution professional","information_memorandum",""
"","","","","information memorandum","company_policy",""
"","","","","insolvency resolution process costs","shareholder_resolutions",""
"","","","","operational creditors","insolvency_application",""
"","","","","financial creditors","",""
"","","","","liquidation","",""
"","","","","priority","",""
"","","","","management","",""
"","","","","implementation","",""
"","","","","supervision","",""
"","","","","shareholders approval","",""
"","","","","committee of creditors","",""
"","","","","Adjudicating Authority","",""
"","","","","IBBI Board","",""
"The Insolvency And Bankruptcy Code, 2016","30(4), 30(5), 30(6)","Submission of resolution plan","by a vote of not less than [sixty -six] per cent. of voting share of the financial creditors, after considering its feasibility and viability, [the manner of distribution proposed, which may take into accoun t the order of priority amongst creditors as laid down in sub -section ( 1) of section 53, including the priority and value of the security interest of a secured creditor] and such other requirements as may be specified by the Board: Provided that the commi ttee of creditors shall not approve a resolution plan, submitted before the commencement of the Insolvency and Bankruptcy Code (Amendment) Ordinance, 2017 (Ord. 7 of 2017) , where the resolution applicant is ineligible under section 29A and may require the r esolution professional to invite a fresh resolution plan where no other resolution plan is available with it: Provided further that where the resolution applicant referred to in the first proviso is ineligible under clause ( c) of section 29A, the resolutio n applicant shall be allowed by the committee of creditors such period, not exceeding thirty days, to make payment of overdue amounts in accordance with the proviso to clause ( c) of section 29A: Provided also that nothing in the second proviso shall be con strued as extension of period for the purposes of the proviso to sub -section ( 3) of section 12, and the corporate insolvency resolution process shall be completed within the period specified in that sub -section.] [Provided also that the eligibility criter ia in section 29A as amended by the Insolvency and Bankruptcy Code (Amendment) Ordinance, 2018 shall apply to the resolution applicant who has not submitted resolution plan as on the date of commencement of the Insolvency and Bankruptcy Code (Amendment) Or dinance, 2018.] (5) The resolution applicant may attend the meeting of the committee of creditors in which the resolution plan of the applicant is considered: Provided that the resolution applicant shall not have a right to vote at the meeting of the commi ttee of creditors unless such resolution applicant is also a financial creditor. (6) The resolution professional shall submit the resolution plan as approved by the committee of creditors to the Adjudicating Authority.","resolution plan","resolution plan",""
"","","","","committee of creditors","committee of creditors minutes",""
"","","","","financial creditors","insolvency petition",""
"","","","","resolution applicant","offer letter",""
"","","","","eligibility","",""
"","","","","section 29A","",""
"","","","","corporate insolvency resolution process","",""
"","","","","Adjudicating Authority","",""
"","","","","voting share","",""
"","","","","feasibility","",""
"","","","","viability","",""
"","","","","distribution","",""
"","","","","priority","",""
"","","","","security interest","",""
"","","","","Insolvency and Bankruptcy Code (Amendment) Ordinance 2017","",""
"","","","","Insolvency and Bankruptcy Code (Amendment) Ordinance 2018","",""
"The Insolvency And Bankruptcy Code, 2016","31","Approval of resolution plan.","Approval of resolution plan. —(1) If the Adjudicating Authority is satisfied that the resolution plan as approved by the committee of creditors under sub -section ( 4) of section 30 meets the requirements as referred to in sub -section ( 2) of section 30, it shall by order approve the resolut ion plan which shall be binding on the corporate debtor and its employees, members, creditors, [including the Central Government, any State Government or any local authority to whom a debt in respect of the payment of dues arising under any law for the ti me being in force, such as authorities to whom statutory dues are owed, ] guarantors and other stakeholders involved in the resolution plan. [Provided that the Adjudicating Authority shall, before passing an order for approval of resolution plan under this sub-section, satisfy that the resolution plan has provisions for its effective implementation.] (2) Where the Adjudicating Authority is satisfied that the resolution plan does not confirm to the requirements referred to in sub -section ( 1), it may, by an order, reject the resolution plan. (3) After the order of approval under sub -section ( 1),— (a) the moratorium order passed by the Adjudicating Authority under section 14 shall cease to have effect; and (b) the resolution professional shall forward all reco rds relating to the conduct of the corporate insolvency resolution process and the resolution plan to the Board to be recorded on its database. [(4) The resolution applicant shall, pursuant to the resolution plan approved under sub -section ( 1), obtain the necessary approval required under any law for the time being in force within a period of one year from the date of approval of the resolution plan by the Adjudicating Authority under sub -section ( 1) or within such period as provided for in such law, which ever is later: Provided that where the resolution plan contains a provision for combination, as referred to in section 5 of the Competition Act, 2002 (12 of 2003) , the resolution applicant shall obtain the approval of the Competition Commission of India un der that Act prior to the approval of such resolution plan by the committee of creditors.]","Adjudicating Authority","resolution plan",""
"","","","","resolution plan","Adjudicating Authority order",""
"","","","","approval","insolvency petition",""
"","","","","corporate debtor","company policy",""
"","","","","employees","employment agreement",""
"","","","","members","financial statements",""
"","","","","creditors","",""
"","","","","Central Government","",""
"","","","","State Government","",""
"","","","","local authority","",""
"","","","","statutory dues","",""
"","","","","guarantors","",""
"","","","","stakeholders","",""
"","","","","implementation","",""
"","","","","rejection","",""
"","","","","moratorium","",""
"","","","","section 14","",""
"","","","","corporate insolvency resolution process","",""
"","","","","Board","",""
"","","","","Competition Act 2002","",""
"","","","","combination","",""
"","","","","Competition Commission of India","",""
"The Insolvency And Bankruptcy Code, 2016","32","Appeal.","Appeal .—Any appeal from an order approving the resolution plan shall be in the manner and on the grounds laid down in sub -section ( 3) of section 61.","appeal","appeal petition",""
"","","","","resolution plan","Adjudicating Authority order",""
"","","","","Adjudicating Authority order","",""
"","","","","section 61","",""
"The Insolvency And Bankruptcy Code, 2016","32A","Liability for prior offences, etc.","Liabi lity for prior offences, etc. —(1) Not withstanding anything to the contrary contained in this Code or any other law for the time being in force, the liability of a corporate debtor for an offence committed prior to the commencement of the corporate insolven cy resolution process shall cease, and the corporate debtor shall not be prosecuted for such an offence from the date the resolution plan has been approved by the Adjudicating Authority under section 31, if the resolution plan results in the change in the management or control of the corporate debtor to a person who was not — (a) a promoter or in the management or control of the corporate debtor or a related party of such a person; or (b) a person with regard to whom the relevant investigating authority has, on the basis of material in its possession, reason to believe that he had abetted or conspired for the commission of the offence, and has submitted or filed a report or a complaint to the relevant statutory authority or Court: Provided that if a prosecuti on had been instituted during the corporate insolvency resolution process against such corporate debtor, it shall stand discharged from the date of approval of the resolution plan subject to requirements of this sub -section having been fulfilled: Provided further that every person who was a “designated partner ” as defined in clause ( j) of section 2 of the Limited Liability Partnership Act, 2008 (6 of 2009) , or an “officer who is in default ”, as defined in clause ( 60) of section 2 of the Companies Act, 2013 (18 of 2013) , or was in any manner incharge of, or responsible to the corporate debtor for the conduct of its business or associated with the corporate debtor in any manner and who was directly or indirectly involved in the commission of such offence as pe r the report submitted or complaint filed by the investigating authority, shall continue to be liable to be prosecuted and punished for such an offence committed by the corporate debtor notwithstanding that the corporate debtor's liability has ceased under this sub -section. (2) No action shall be taken against the property of the corporate debtor in relation to an offence committed prior to the commencement of the corporate insolvency resolution process of the corporate debtor, where such property is covere d under a resolution plan approved by the Adjudicating Authority under section 31, which results in the change in control of the corporate debtor to a person, or sale of liquidation assets under the provisions of Chapter III of Part II of this Code to a pe rson, who was not — (i) a promoter or in the management or control of the corporate debtor or a rel ated party of such a person; or (ii) a person with regard to whom the relevant investigating authority has, on the basis of material in its possession reason to believe that he had abetted or conspired for the commission of the offence, and has submitted or filed a report or a complaint to the relevant statutory authority or Court. Explanation .—For the purposes of this sub -section , it is hereby clarified that, — (i) an action against the property of the corporate debtor in relation to an offence shall include the attachment, seizure, retention or confiscation of such property under such law as may be applicable to the corporate debtor; (ii) nothing in this sub -section shall be construed to bar an action against the property of any person, other than the corporate debtor or a person who has acquired such property through corporate insolvency resolution process or liquidation process under this Code and fulfils the requirements specified in this section, against whom such an action may be taken under","corporate debtor","resolution plan",""
"","","","","offence","legal notice",""
"","","","","corporate insolvency resolution process","court order",""
"","","","","resolution plan","investigation report",""
"","","","","Adjudicating Authority","charge sheet",""
"","","","","prosecution","compliance policy",""
"","","","","liability","company policy",""
"","","","","management","due diligence report",""
"","","","","control","",""
"","","","","promoter","",""
"","","","","related party","",""
"","","","","investigating authority","",""
"","","","","designated partner","",""
"","","","","officer in default","",""
"","","","","Limited Liability Partnership Act 2008","",""
"","","","","Companies Act 2013","",""
"","","","","liquidation assets","",""
"","","","","attachment","",""
"","","","","seizure","",""
"","","","","confiscation","",""
"The Insolvency And Bankruptcy Code, 2016","33","Initiation of liquidation","33. Initiation of liquidation .—(1) Where the Adjudicating Authority, — 
(a) before the expiry of the insolvency resolution process period or the maximum period 
permitted fo r completion of the corporate insolvency resolution process under section 12 or the fast 
track corporate insolvency resolution process under section 56, as the case may be, does not receive a 
resolution plan under sub -section ( 6) of section 30; or  
(b) reje cts the resolution plan under section 31 for the non -compliance of the requirements 
specified therein,  
it shall — 
(i) pass an order requiring the corporate debtor to be liquidated in the manner as laid down in this 
Chapter;  
(ii) issue a public announcement stating that the corporate debtor is in liquidation; and  
(iii) require such order to be sent to the authority with which the corporate debtor is registered.  
(2) Where the resolution professional, at any time during the corporate insolvency resolution proce ss 
but before confirmation of resolution plan, intimates the Adjudicating Authority of the decision of the 
committee of creditors 1[approved by not less than sixty -six per cent. of the voting share] to liquidate the 
corporate debtor, the Adjudicating Autho rity shall pass a liquidation order as referred to in sub -clauses ( i), 
(ii) and ( iii) of clause ( b) of sub -section ( 1). 
2[Explanation .—For the purposes of this sub -section, it is hereby declared that the committee of 
creditors may take the decision to liqu idate the corporate debtor, any time after its constitution under  
sub-section ( 1) of section 21 and before the confirmation of the resolution plan, including at any time 
before the preparation of the information memorandum.]  
(3) Where the resolution plan approved by the Adjudicating Authority is contravened by the 
concerned corporate debtor, any person other than the corporate debtor, whose interests are prejudicially 
affected by such contravention, may make an application to the Adjudicating Authority for  a liquidation 
order as referred to in sub -clauses ( i), (ii) and ( iii) of clause ( b) of sub -section ( 1). 
(4) On receipt of an application under sub -section ( 3), if the Adjudicating Authority determines that 
the corporate debtor has contravened the provisio ns of the resolution plan, it shall pass a liquidation order 
as referred to in sub -clauses ( i), (ii) and ( iii) of clause ( b) of sub -section ( 1). 
(5) Subject to section 52, when a liquidation order has been passed, no suit or other legal proceeding 
shall be  instituted by or against the corporate debtor:  
Provided that a suit or other legal proceeding may be instituted by the liquidator, on behalf of the 
corporate debtor, with the prior approval of the Adjudicating Authority.  
(6) The provisions of sub -section (5) shall not apply to legal proceedings in relation to such 
transactions as may be notified by the Central Government in consultation with any financial sector 
regulator.  
(7) The order  for liquidation under this section shall be deemed to be a notice of d ischarge to the 
officers, employees and workmen of the corporate debtor, except when the business of the corporate 
debtor is continued during the liquidation process by the liquidator.","liquidation","resolution plan",""
"","","","","Adjudicating Authority","liquidation order",""
"","","","","insolvency resolution process","public announcement",""
"","","","","resolution plan","committee of creditors minutes",""
"","","","","corporate debtor","insolvency resolution process documents",""
"","","","","committee of creditors","",""
"","","","","public announcement","",""
"","","","","liquidation order","",""
"","","","","suit","",""
"","","","","legal proceeding","",""
"","","","","liquidator","",""
"","","","","discharge","",""
"","","","","employees","",""
"","","","","workmen","",""
"The Insolvency And Bankruptcy Code, 2016","34","Appointment of liquidator and fee to be paid","34. Appointment of liquidator and f ee to be paid .—(1) Where the Adjudic ating Authority passes 
an order for liquidation of the corporate debtor under section 33, the resolution professional appointed for 
the corporate insolvency resolution process under 1[Chapter II shall, subject to submission of a written 
consent by the reso lution professional to the Adjudicatory Authority in specified form,]  act as the 
liquidator for the purposes of liquidation unless replaced by the Adjudicating Authority under sub -section 
(4). 
(2) On the appointment of a liquidator under this section, all powers of the board of directors, key 
managerial personnel and the partners of the corporate debtor, as the case may be, shall cease to have 
effect and shall be vested in the liquidator.  
(3) The personnel of the corporate debtor shall extend all assistance  and cooperation to the liquidator 
as may be required by him in managing the affairs of the corporate debtor and provisions of section 19 
shall apply in relation to voluntary liquidation process as they apply in relation to liquidation process with 
the sub stitution of references to the liquidator for references to the interim resolution professional.  
(4) The Adjudicating Authority shall by order replace the resolution professional, if — 
(a) the resolution plan submitted by the resolution professional under s ection 30 was rejected for 
failure to meet the requirements mentioned in sub -section ( 2) of section 30; or  
(b) the Board recommends the replacement of a resolution professional to the Adjudicating 
Authority for reasons to be recorded 2[in writing ; or] 
3[(c) the resolution professional fails to submit written consent under sub -section ( 1).] 
(5) For the purposes of 4[clause s (a) and ( c)] of sub -section ( 4), the Adjudicating Authority may direct 
the Board to propose the name of another insolvency professional to be appointed as a liquidator.  
(6) The Board shall propose the name of another insolvency professional 2[along with written consent 
from the insolvency professional in the specified form,] within ten days of the direction issued by the 
Adjudicating Autho rity under sub -section ( 5). 
(7) The Adjudicating Authority shall, on receipt of the proposal of the Board for the appointment of 
an insolvency professional as liquidator, by an order appoint such insolvency professional as the 
liquidator.  
(8) An insolvency  professional proposed to be appointed as a liquidator shall charge such fee for the 
conduct of the liquidation proceedings and in such proportion to the value of the liquidation estate assets, 
as may be specified by the Board.  
(9) The fees for the conduct  of the liquidation proceedings under sub -section ( 8) shall be paid to the 
liquidator from the proceeds of the liquidation estate under","liquidator","consent form",""
"","","","","appointment","liquidation order",""
"","","","","fee","order of appointment",""
"","","","","corporate debtor","resolution plan",""
"","","","","resolution professional","board resolution",""
"","","","","Adjudicating Authority","liquidation fee structure",""
"","","","","board of directors","",""
"","","","","key managerial personnel","",""
"","","","","partners","",""
"","","","","committee of creditors","",""
"","","","","insolvency professional","",""
"","","","","written consent","",""
"","","","","liquidation proceedings","",""
"","","","","liquidation estate assets","",""
"The Insolvency And Bankruptcy Code, 2016","35","Powers and duties of liquidator","35. Powers and duties of liquidator .—(1) Subject to the directions of the Adjudicating Authority, 
the liquid ator shall have the following powers and duties, namely: — 
(a) to verify claims of all the creditors;  
(b) to take  into his custody or control all the assets, property, effects and actionable claims of the 
corporate debtor;  
(c) to evaluate the assets and pro perty of the corporate debtor in the manner as may be specified 
by the Board and prepare a report;  
(d) to take such measures to protect and preserve the assets and properties of the corporate debtor 
as he considers necessary;  
(e) to carry on the business o f the corporate debtor for its beneficial liquidation as he considers 
necessary;  
(f) subject to section 52, to sell the immovable and movable property and actionable claims of the 
corporate debtor in liquidation by public auction or private contract, with power to transfer such 
property to any person or body corporate, or to sell the same in parcels in such manner as may be 
specified;  
1[Provided that the liquidator shall not sell the immovable and movable property or actionable 
claims of the corporate debto r in liquidation to any person who is not eligible to be a resolution 
applicant.].  
(g) to draw, accept, make and endorse any negotiable instruments including bill of exchange, 
hundi or promissory note in the name and on behalf of the corporate debtor, with  the same effect with 
respect to the liability as if such instruments were drawn, accepted, made or endorsed by or on behalf 
of the corporate debtor in the ordinary course of its business;  
(h) to take out, in his official name, letter of administration to any deceased contributory and to 
do in his official name any other act necessary for obtaining payment of any money due and payable 
from a contributory or his estate which cannot be ordinarily done in the name of the corporate debtor, 
and in all such cases , the money due and payable shall, for the purpose of enabling the liquidator to 
take out the letter of administration or recover the money, be deemed to be due to the liquidator 
himself;  
(i) to obtain any professional assistance from any person or appoint  any professional, in discharge 
of his duties, obligations and responsibilities;  
(j) to invite and settle claims of creditors and claimants and distribute proceeds in accordance 
with the provisions of this Code;  
(k) to institute or defend any suit, prosecu tion or other legal proceedings, civil or criminal, in the 
name of on  behalf of the corporate debtor ; 
 (l) to investigate the financial affairs of the corporate debtor to determine undervalued or 
preferential transactions;  
(m) to take all such actions, ste ps, or to sign, execute and verify any paper, deed, receipt 
document, application, petition, affidavit, bond or instrument and for such purpose to use the common 
seal, if any, as may be necessary for liquidation, distribution of assets and in discharge of his duties 
and obligations and functions as liquidator;  
(n) to apply to the Adjudicating Authority for such orders or directions as may be necessary for 
the liquidation of the corporate debtor and to report the progress of the liquidation process in a 
mann er as may be specified by the Board; and  
(o) to perform such other functions as may be specified by the Board.  
(2) The  liquidator shall have the power to consult any of the stakeholders entitled to a distribution of 
proceeds under","liquidator","claims form",""
"","","","","powers","asset valuation report",""
"","","","","duties","sale deed",""
"","","","","Adjudicating Authority","sale agreement",""
"","","","","verify claims","negotiable instruments",""
"","","","","assets","legal notices",""
"","","","","property","court filings",""
"","","","","evaluate assets","professional engagement letters",""
"","","","","protect assets","progress reports (liquidation)",""
"","","","","preserve assets","liquidation plan",""
"","","","","carry on business","",""
"","","","","sell property","",""
"","","","","public auction","",""
"","","","","private contract","",""
"","","","","negotiable instruments","",""
"","","","","professional assistance","",""
"","","","","invite claims","",""
"","","","","settle claims","",""
"","","","","distribute proceeds","",""
"","","","","suit","",""
"","","","","legal proceedings","",""
"","","","","financial affairs","",""
"","","","","undervalued transactions","",""
"","","","","preferential transactions","",""
"","","","","sign documents","",""
"","","","","common seal","",""
"","","","","report progress","",""
"","","","","stakeholders","",""
"The Insolvency And Bankruptcy Code, 2016","53","Consultation in Liquidation","Provided that any such consultation shall not be binding on the liquidator: Provided further that the records of any such consultation shall be made available to all other stakeholders not so consulted, in a manner specified by the Board.","consultation","liquidation process documents",""
"","","","","liquidator","board resolutions",""
"","","","","stakeholders","minutes of meetings",""
"","","","","Board","stakeholder communications",""
"","","","","records","",""
"","","","","liquidation process","",""
"The Insolvency And Bankruptcy Code, 2016","36","Liquidation estate","36. Liquidation estate .—(1) For the purposes of liquidation, the liquidator shall form an estate of the assets mentioned in sub -section ( 3), which will be called the liquidation estate in relation to the corporate debtor. (2) The liquidator shall hold the liquidation estate as a fiduci ary for the benefit of all the creditors. (3) Subject to sub -section ( 4), the liquidation estate shall comprise all liquidation estate assets which shall include the following: — (a) any assets over which the corporate debtor has ownership rights, including all rights and interests therein as evidenced in the balance sheet of the corporate debtor or an information utility or records in the registry or any depository recording securities of the corporate debtor or by any other means as may be specified by the Board, including shares held in any subsidiary of the corporate debtor; (b) assets that may or may not be in possession of the corporate debtor including but not limited to encumbered assets; (c) tangible assets, whether movable or immovable; (d) intangib le assets including but not limited to intellectual property, securities (including shares held in a subsidiary of the corporate debtor) and financial instruments, insurance policies, contractual rights; (e) assets subject to the determination of ownershi p by the court or authority; (f) any assets or their value recovered through proceedings for avoidance of transactions in accordance with this Chapter; (g) any asset of the corporate debtor in respect of which a secured creditor has relinquished security i nterest; (h) any other property belonging to or vested in the corporate debtor at the insolvency commencement date; and (i) all proceeds of liquidation as and when they are realised. (4) The following shall not be included in the liquidation estate assets and shall not be used for recovery in the liquidation: — (a) assets owned by a third party which are in possession of the corporate debtor, including — (i) assets held in trust for any third party; (ii) bailment contracts; (iii) all sums due to any workman o r employee from the provident fund, the pension fund and the gratuity fund; (iv) other contractual arrangements which do not stipulate transfer of title but only use of the assets; and (v) such other assets as may be notified by the Central Government in c onsultation with any financial sector regulator; 47 (b) assets in security collateral held by financial services providers and are subject to netting and set-off in multi -lateral trading or clearing transactions; (c) personal assets of any shareholder or part ner of a corporate debtor as the case may be provided such assets are not held on account of avoidance transactions that may be avoided under this Chapter; (d) assets of any Indian or foreign subsidiary of the corporate debtor; or (e) any other assets as m ay be specified by the Board, including assets which could be subject to set-off on account of mutual dealings between the corporate debtor and any creditor.","liquidation estate","balance sheet",""
"","","","","corporate debtor","financial statements",""
"","","","","liquidator","asset register",""
"","","","","assets","liquidation plan",""
"","","","","fiduciary","information utility records",""
"","","","","creditors","security agreements",""
"","","","","ownership rights","trust deeds",""
"","","","","balance sheet","bailment contracts",""
"","","","","information utility","employment agreements",""
"","","","","registry records","provident fund records",""
"","","","","depository records","pension fund records",""
"","","","","encumbered assets","gratuity fund records",""
"","","","","tangible assets","contracts for use of assets",""
"","","","","intangible assets","regulatory filings",""
"","","","","intellectual property","company policy",""
"","","","","securities","shareholding agreements",""
"","","","","financial instruments","",""
"","","","","insurance policies","",""
"","","","","contractual rights","",""
"","","","","avoidance transactions","",""
"","","","","secured creditor","",""
"","","","","insolvency commencement date","",""
"","","","","proceeds of liquidation","",""
"","","","","third party assets","",""
"","","","","trust assets","",""
"","","","","bailment contracts","",""
"","","","","provident fund","",""
"","","","","pension fund","",""
"","","","","gratuity fund","",""
"","","","","contractual arrangements","",""
"","","","","financial services providers","",""
"","","","","security collateral","",""
"","","","","netting","",""
"","","","","set-off","",""
"","","","","personal assets","",""
"","","","","shareholder","",""
"","","","","partner","",""
"","","","","subsidiary","",""
"The Insolvency And Bankruptcy Code, 2016","37","Powers of liquidator to access information","37. Powers of liquidator to access information .—(1) Notwithstanding anything contained in any other law for the time being in force, the liquidator shall have the power to access any information systems for the purpose of admission and proof of claims and identification of the liquidation estate assets relating to the corporate debtor from the followin g sources, namely: — (a) an information utility; (b) credit information systems regulated under any law for the time being in force; (c) any agency of the Central, State or Local Government including any registration authorities; (d) information systems for financial and non -financia l liabilities regulated under any law for the time being in force; (e) information systems for securities and assets posted as security interest regulated under any law for the time being in force; (f) any database maintained by the Board; and (g) any other source as may be specified by the Board. (2) The creditors may require the liquidator to provide them any financial information relating to the corporate debtor in such manner as may be specified. (3) The liquidator shall provi de information referred to in sub -section ( 2) to such creditors who have requested for such information within a period of seven days from the date of such request or provide reasons for not providing such information.","liquidator","claim forms",""
"","","","","access information","proof of debt forms",""
"","","","","information systems","liquidation reports",""
"","","","","admission of claims","information utility records",""
"","","","","proof of claims","credit reports",""
"","","","","liquidation estate assets","regulatory filings",""
"","","","","corporate debtor","requests for information",""
"","","","","information utility","liquidator's statements",""
"","","","","credit information systems","",""
"","","","","government agencies","",""
"","","","","registration authorities","",""
"","","","","financial liabilities","",""
"","","","","non-financial liabilities","",""
"","","","","securities","",""
"","","","","security interest","",""
"","","","","Board","",""
"","","","","creditors","",""
"","","","","financial information","",""
"","","","","request for information","",""
"","","","","reasons for non-provision","",""
"The Insolvency And Bankruptcy Code, 2016","38","Consolidation of claims","38. Consolidation of claims .—(1) The liquidator shall receive or collect the claims of creditors within a period of thirty days from the date of the commencement of the liquidation process. (2) A financial creditor may submit a claim to the liquidator by providing a record of such claim with an information utility: Provided that where the information relating to the claim is not recorded in the information utility, the financial creditor may submit the claim in the same manner as provided for the submission of claims for the operational credit or under sub -section ( 3). (3) An operational creditor may submit a claim to the liquidator in such form and in such manner and along with such supporting documents required to prove the claim as may be specified by the Board. (4) A creditor who is partly a financial creditor and partly an operational creditor shall submit claims to the liquidator to the extent of his financial debt in the manner as provided in sub -section ( 2) and to the extent of his operational debt under sub -section ( 3). (5) A creditor ma y withdraw or vary his claim under this section within fourteen days of its submission.","liquidator","proof of debt forms",""
"","","","","claims","claim forms (financial creditor)",""
"","","","","creditors","claim forms (operational creditor)",""
"","","","","liquidation process","information utility records",""
"","","","","financial creditor","supporting documents for claims",""
"","","","","information utility","debt acknowledgements",""
"","","","","operational creditor","withdrawal of claim request",""
"","","","","form of claim","variation of claim request",""
"","","","","supporting documents","",""
"","","","","financial debt","",""
"","","","","operational debt","",""
"","","","","withdraw claim","",""
"","","","","vary claim","",""
"","","","","submission of claims","",""
"","","","","thirty days","",""
"The Insolvency And Bankruptcy Code, 2016","39","Verification of claims","48 39. Verification of claims .—(1) The liquidator shall verify the claims submitted under section 38 within such time as specified by the Board. (2) The liquidator may req uire any creditor or the corporate debtor or any other person to produce any other document or evidence which he thinks necessary for the purpose of verifying the whole or any part of the claim.","liquidator","verification reports",""
"","","","","verification of claims","claim forms",""
"","","","","claims submission","supporting documents for claims",""
"","","","","Board","liquidator's correspondence",""
"","","","","creditor","internal verification records",""
"","","","","corporate debtor","",""
"","","","","documents","",""
"","","","","evidence","",""
"","","","","proof of claim","",""
"The Insolvency And Bankruptcy Code, 2016","40","Admission or rejection of claims","40. Admission or rejection of claims .—(1) The liquidator may, after verification of claims under section 39, either admit or reject the claim, in whole or in part, as the case may be: Provided that where the liquidator rejects a claim, he shall record in writing the reasons for such rejection. (2) The liquidator sha ll communicate his decision of admission or rejection of claims to the creditor and corporate debtor within seven days of such admission or rejection of claims.","liquidator","claim admission letter",""
"","","","","admission of claims","claim rejection letter",""
"","","","","rejection of claims","liquidator's decision",""
"","","","","verification of claims","records of reasons for rejection",""
"","","","","reasons for rejection","correspondence with creditors",""
"","","","","communication","",""
"","","","","creditor","",""
"","","","","corporate debtor","",""
"","","","","seven days","",""
"The Insolvency And Bankruptcy Code, 2016","41","Determination of valuation of claims","41. Determination of valuation of claims .—The liquidator shall determine the value of claims admitted under section 40 in such manner as may be specified by the Board.","liquidator","valuation reports",""
"","","","","valuation of claims","liquidator's records of claims value",""
"","","","","admitted claims","financial reports",""
"","","","","Board","",""
"","","","","determination of value","",""
"The Insolvency And Bankruptcy Code, 2016","42","Appeal against the decision of liquidator","42. Appeal against the decision of liquidator. —A creditor may appeal to the Adjudicating Authority against the decision of the liquidator 1[accepting or] rejecting the claims within f ourteen days of the receipt of such decision.","creditor","appeal petition",""
"","","","","appeal","liquidator's decision letter",""
"","","","","Adjudicating Authority","Adjudicating Authority orders",""
"","","","","liquidator's decision","legal notices",""
"","","","","accepting claims","",""
"","","","","rejecting claims","",""
"","","","","fourteen days","",""
"","","","","receipt of decision","",""
"The Insolvency And Bankruptcy Code, 2016","43","Preferential transactions and relevant time","43. Preferential transactions and relevant time .—(1) Where the liquidator or the resolution professional, as the case may be, is of the opinion that the corporate debtor has at a relevant time given a preferenc e in such transactions and in such manner as laid down in sub -section ( 2) to any persons as referred to in sub -section ( 4), he shall apply to the Adjudicating Authority for avoidance of preferential transactions and for, one or more of the orders referred to in section 44. (2) A corporate debtor shall be deemed to have given a preference, if — (a) there is a transfer of property or an interest thereof of the corporate debtor for the benefit of a creditor or a surety or a guarantor for or on account of an ant ecedent financial debt or operational debt or other liabilities owed by the corporate debtor; and (b) the transfer under clause ( a) has the effect of putting such creditor or a surety or a guarantor in a beneficial position than it would have been in the e vent of a distribution of assets being made in accordance with","liquidator","application to Adjudicating Authority",""
"","","","","resolution professional","transaction records",""
"","","","","preferential transactions","financial statements",""
"","","","","relevant time","forensic audit reports",""
"","","","","corporate debtor","legal opinions",""
"","","","","preference","debt agreements",""
"","","","","Adjudicating Authority","guarantee agreements",""
"","","","","avoidance of transactions","",""
"","","","","transfer of property","",""
"","","","","interest","",""
"","","","","creditor","",""
"","","","","surety","",""
"","","","","guarantor","",""
"","","","","antecedent financial debt","",""
"","","","","operational debt","",""
"","","","","liabilities","",""
"","","","","beneficial position","",""
"","","","","distribution of assets","",""
"The Insolvency And Bankruptcy Code, 2016","53(3) and (4)","Preference - Exclusions and Deemed Time","section 53. (3) For the purposes of sub -section ( 2), a preference shall not include the following transfers — 
(a) transfer made in the ordinary course of the business or financial affairs of the  corporate debtor 
or the transferee;  
(b) any transfer creating a security interest in property acquired by the corporate debtor to the 
extent that — 
(i) such security interest secures new value and was given at the time of or after the signing of 
a security  agreement that contains a description of such property as security interest and was used 
by corporate debtor to acquire such property; and  
(ii) such transfer was registered with an information utility on or before thirty days after the 
corporate debtor re ceives possession of such property:  
                                                      
1. Ins. by Act 26 of 2018, s. 27 (w.e.f. 6-6-2018) . 

49 Provided that  any transfer made in pursuance of the order of a court shall not, preclude such transfer 
to be deemed as giving of preference by the corporate debtor.  
Explanation .—For the purpose of sub -section ( 3) of this  section, “new value ” means money or its 
worth in goods, services, or new credit, or release by the transferee of property previously transferred to 
such transferee in a transaction that is neither void nor voidable by the liquidator or the resolution 
professional under this Code, including proceeds of such property, but does not include a financial debt or 
operational debt substituted for existing financial debt or operational debt.  
(4) A preference shall be deemed to be given at a relevant time, if — 
(a) it is given to a related party (other than by reason only of being an employee), during the 
period of two years preceding the insolvency commencement date; or  
(b) a preference is given to a person other than a related party during the period of one year 
preceding the insolvency commencement date.","preferential transaction","insolvency resolution plan",""
"","","","","corporate debtor","liquidation plan",""
"","","","","security interest","security agreement",""
"","","","","new value","financial statements",""
"","","","","insolvency commencement date","application to NCLT",""
"","","","","related party","",""
"","","","","liquidator","",""
"","","","","resolution professional","",""
"","","","","transfer","",""
"","","","","ordinary course of business","",""
"The Insolvency And Bankruptcy Code, 2016","44","Orders in case of preferential transactions","44. Orders in case of preferential transactions .—The Adjudicating Authority, may, on an 
application made by the resolution professional or liquidator under sub -section ( 1) of sectio n 43, by an 
order : 
(a) require any  property transferred in connection with the giving of the preference to be vested in 
the corporate debtor;  
(b) require any property to be so vested if it represents the application either of the proceeds of 
sale of property so transferred or of money so t ransferred;  
(c) release or discharge (in whole or in part) of any security interest created by the corporate 
debtor;  
(d) require any person to pay such sums in respect of benefits received by him Adjudicating 
Authority may direct;  
(e) direct any guarantor , whose financial debts or operational debts owed to any person were 
released or discharged (in whole or in part) by the giving of the preference, to be under such new or 
revived financial debts or operational debts to that person as the Adjudicating Autho rity deems 
appropriate;  
(f) direct for providing security or charge on any property for the discharge of any financial debt 
or operational debt under the order, and such security or charge to have the same priority as a security 
or charge released or disch arged wholly or in part by the giving of the preference; and  
(g) direct for providing the extent to which any person whose property is so vested in the 
corporate debtor, or on whom financial debts or operational debts are imposed by the order, are to be 
proved in the liquidation or the corporate insolvency resolution process for financial debts or 
operational debts which arose from, or were released or discharged wholly or in part by the giving of 
the preference:  
Provided that an order under this section sh all not — 
(a) affect any interest in property which was acquired from a person other than the corporate 
debtor or any interest derived from such interest and was acquired in good faith and for value;  
(b) require a person, who received a benefit from the pre ferential transaction in good faith and for 
value to pay a sum to the liquidator or the resolution professional.  
Explanation  I.—For the purpose of this section, it is clarified that where a person,  who has acquired 
an interest in property from another pers on other than the corporate debtor, or who has received a benefit 
from the preference or such another person to whom the corporate debtor gave the preference, — 

50 (i) had sufficient  information of the initiation or commencement of insolvency resolution proces s 
of the corporate debtor;  
(ii) is a related party,  
it shall be presumed that the interest was acquired or the benefit was received otherwise than in good faith 
unless the contrary is shown.  
Explanation  II.—A person shall be deemed to have sufficient infor mation or opportunity to avail such 
information if a public announcement regarding the corporate insolvency resolution process has been 
made under section 13.","preferential transaction","application to NCLT",""
"","","","","Adjudicating Authority","NCLT order",""
"","","","","resolution professional","insolvency resolution plan",""
"","","","","liquidator","liquidation plan",""
"","","","","corporate debtor","security agreement",""
"","","","","vesting of property","public announcement",""
"","","","","security interest","",""
"","","","","guarantor","",""
"","","","","financial debt","",""
"","","","","operational debt","",""
"","","","","insolvency resolution process","",""
"","","","","liquidation","",""
"","","","","related party","",""
"","","","","good faith","",""
"","","","","public announcement","",""
"The Insolvency And Bankruptcy Code, 2016","45","Avoidance of undervalued transactions","45. Avoidance of undervalued transactions .—(1) If the liquidator or the resolution professional, as 
the case may be, on an examination of the transactions of the corporate debtor referred to in                  
sub-section ( 2) 1*** determines that certain transactions were made during the relevant period under 
section 46, which were undervalued, he sha ll make an application to the Adjudicating Authority to 
declare such transactions as void and reverse the effect of such transaction in accordance with this 
Chapter.  
(2) A transaction shall be considered undervalued where the corporate debtor — 
(a) makes a gift to a person; or  
(b) enters into a transaction with a person which involves the transfer of one or more assets by the 
corporate debtor for a consideration the value of which is significantly less than the value of the 
consideration provided by the corp orate debtor,  
and such transaction has not taken place in the ordinary course of business of the corporate debtor.","undervalued transaction","application to NCLT",""
"","","","","corporate debtor","transaction records",""
"","","","","liquidator","financial statements",""
"","","","","resolution professional","valuation report",""
"","","","","Adjudicating Authority","insolvency resolution plan",""
"","","","","void transaction","liquidation plan",""
"","","","","asset transfer","",""
"","","","","gift","",""
"","","","","ordinary course of business","",""
"The Insolvency And Bankruptcy Code, 2016","46","Relevant period for avoidable transactions","46. Relevant period for avoidable transactions .—(1) In an application for avoiding a transaction at 
undervalue, the liquidator or the resolut ion professional, as the case may be, shall demonstrate that — 
(i) such transaction was made with any person within the period of one year preceding the 
insolvency commencement date; or  
(ii) such transaction was made with a related party within the period o f two years preceding the 
insolvency commencement date.  
(2) The Adjudicating Authority may require an independent expert to assess evidence relating to the 
value of the transactions mentioned in this section.","undervalued transaction","application to NCLT",""
"","","","","avoidable transaction","transaction records",""
"","","","","relevant period","financial statements",""
"","","","","insolvency commencement date","valuation report",""
"","","","","related party","due diligence report",""
"","","","","liquidator","",""
"","","","","resolution professional","",""
"","","","","Adjudicating Authority","",""
"","","","","independent expert","",""
"","","","","valuation","",""
"The Insolvency And Bankruptcy Code, 2016","47","Application by creditor in cases of undervalued transactions","47. Application by creditor in cases of underva lued transactions .—(1) Where an undervalued 
transaction has taken place and the liquidator or the resolution professional as the case may be, has not 
reported it to the Adjudicating Authority, a creditor, member or a partner of a corporate debtor, as the 
case may be, may make an application to the Adjudicating Authority to declare such transactions void and 
reverse their effect in accordance with this Chapter.  
(2) Where the Adjudicating Authority, after examination of the application made under                         
sub-section ( 1), is satisfied that — 
(a) undervalued transactions had occurred; and  
(b) liquidator or the resolution professional, as the case may be, after having sufficient 
information or opportunity to avail information of such transactions d id not report such transaction to 
the Adjudicating Authority,  
it shall pass an order — 
                                                      
1. The words and figures “of section 43”  omitted by Act 26 of 2018, s. 28 (w.e.f. 6 -6-2018) .  

51 (a) restoring  the position as it existed before such transactions and reversing the effects thereof in 
the manner as laid down in section 45 and section 48;  
(b) requiring  the Board to initiate disciplinary proceedings against the liquidator or the resolution 
professional as the case may be.","undervalued transaction","application to NCLT",""
"","","","","creditor application","NCLT order",""
"","","","","corporate debtor","insolvency resolution plan",""
"","","","","liquidator","liquidation plan",""
"","","","","resolution professional","transaction records",""
"","","","","Adjudicating Authority","board resolution",""
"","","","","disciplinary proceedings","",""
"","","","","void transaction","",""
"","","","","restoration of position","",""
"","","","","Board","",""
"The Insolvency And Bankruptcy Code, 2016","48","Order in cases of undervalued transactions","48. Order in cases of undervalued transactions .—The order of the Adjudicating Authority under 
sub-section ( 1) of section 45 may provid e for the following: — 
(a) require any property transferred as part of the transaction, to be vested in the corporate debtor;  
(b) release or discharge (in whole or in part) any security interest granted by the corporate debtor;  
(c) require any person to pay  such sums, in respect of benefits received by such person, to the 
liquidator or the resolution professional as the case may be, as the Adjudicating Authority may direct; 
or  
(d) require the payment of such consideration for the transaction as may be deter mined by an 
independent expert.","undervalued transaction","NCLT order",""
"","","","","Adjudicating Authority order","insolvency resolution plan",""
"","","","","corporate debtor","liquidation plan",""
"","","","","vesting of property","security agreement",""
"","","","","security interest","valuation report",""
"","","","","liquidator","",""
"","","","","resolution professional","",""
"","","","","independent expert","",""
"","","","","consideration","",""
"The Insolvency And Bankruptcy Code, 2016","49","Transactions defrauding creditors","49. Transactions defrauding creditors .—Where the corporate debtor has entered into an 
undervalued transaction as referred to in sub -section ( 2) of section 45 and the Adjudicating Authority is 
satisfied that such transaction was deliberately entered into by such corporate debtor — 
(a)","transactions defrauding creditors","application to NCLT",""
"","","","","corporate debtor","NCLT order",""
"","","","","undervalued transaction","transaction records",""
"","","","","Adjudicating Authority","forensic audit report",""
"","","","","deliberate transaction","financial statements",""
"","","","","creditor","",""
"The Insolvency And Bankruptcy Code, 2016","50","Extortionate credit transactions","50. Extortionate credit transactions .—(1) Where the corporate debtor has been a party to an extortionate credit transaction involving the receipt of financial or operational debt during the period within two years preceding the insolve ncy commencement date, the liquidator or the resolution professional as the case may be, may make an application for avoidance of such transaction to the Adjudicating Authority if the terms of such transaction required exorbitant payments to be made by the  corporate debtor.  
(2) The Board may specify the circumstances in which a transactions which shall be covered under sub-section ( 1). 
Explanation .—For the purpose of this section, it is clarified that any debt extended by any person  providing financial serv ices which is in compliance with any law for the time being in force in relation to  such debt shall in no event be considered as an extortionate credit transaction.","extortionate credit transaction","loan agreement",""
"","","","","corporate debtor","financial statements",""
"","","","","financial debt","debt restructuring documents",""
"","","","","operational debt","insolvency application",""
"","","","","insolvency commencement date","resolution plan",""
"","","","","liquidator","Adjudicating Authority order",""
"","","","","resolution professional","",""
"","","","","Adjudicating Authority","",""
"","","","","avoidance transaction","",""
"","","","","exorbitant payments","",""
"","","","","Board","",""
"","","","","financial services","",""
"The Insolvency And Bankruptcy Code, 2016","51","Order of Adjudicating Authority in respect of extortionate credit transactions","52 51. Order of  Adjudicating Authority in respect of extortionate credit transactions .—Where t he  Adjudicating Authority after examining the application made under sub -section ( 1) of section 50 is  satisfied that the terms of a credit transaction required exorbitant payments to be made by the corporate  debtor, it shall, by an order — 
(a) restore the p osition as it existed prior to such transaction;  
(b) set aside the whole or part of the debt created on account of the extortionate credit transaction;  
(c) modify the terms of the transaction;  
(d) require any person who is, or was, a party to the transact ion to repay any amount received by  such person; or  
(e) require any security interest that was created as part of the extortionate credit transaction to be  relinquished in favour of the liquidator or the resolution professional, as the case may be.","extortionate credit transaction","Adjudicating Authority order",""
"","","","","Adjudicating Authority","loan agreement",""
"","","","","corporate debtor","security interest documents",""
"","","","","order","liquidation plan",""
"","","","","restore position","resolution plan",""
"","","","","set aside debt","",""
"","","","","modify terms","",""
"","","","","repay amount","",""
"","","","","security interest","",""
"","","","","relinquish","",""
"","","","","liquidator","",""
"","","","","resolution professional","",""
"The Insolvency And Bankruptcy Code, 2016","52","Second creditor in liquidation proceedings","52. Second creditor in liquidation proceedings .—(1) A secured creditor in the liquidation  proceedings may — 
(a) relinquish its security interest to the liquidation estate and receive proceeds from the sale of  assets by the liquidator in the manner specified in sec tion 53; or  
(b) realise its security interest in the manner specified in this section.  
(2) Where the secured creditor realises security interest under clause ( b) of sub -section ( 1), he shall  inform the liquidator of such security interest and identify the asset subject to such security interest to be  realised.  
(3) Before any security interest is realised by the secured creditor under this section, the liquidator  shall verify such security interest and permit the secured creditor to realise only such securit y interest, the  existence of which may be proved either — 
(a) by the records of such security interest maintained by an information utility; or  
(b) by such other means as may be specified by the Board.  
(4) A secured creditor may enforce, realise, settle, co mpromise or deal with the secured assets in  accordance with such law as applicable to the security interest being realised and to the secured creditor  and apply the proceeds to recover the debts due to it.  
(5) If in the course of realising a secured asset,  any secured creditor faces resistance from the  corporate debtor or any person connected therewith in taking possession of, selling or otherwise disposing  of the security, the secured creditor may make an application to the Adjudicating Authority to facili tate  the secured creditor to realise such security interest in accordance with law for the time being in force.  
(6) The Adjudicating Authority, on the receipt of an application from a secured creditor under                  sub-section ( 5) may pass such ord er as may be necessary to permit a secured creditor to realise security  interest in accordance with law for the time being in force.  
(7) Where the enforcement of the security interest under sub -section ( 4) yields an amount by way of  proceeds which is in ex cess of the debts due to the secured creditor, the secured creditor shall — 
(a) account to the liquidator for such surplus; and  
(b) tender to the liquidator any surplus funds received from the enforcement of such secured  assets.  
(8) The amount of insolvency  resolution process costs, due from secured creditors who realise their  security interests in the manner provided in this section, shall be deducted from the proceeds of any  
53 realisation by  such secured creditors, and they shall transfer such amounts to the  liquidator to be included  in the liquidation estate.  
(9) Where the proceeds of the realisation of the secured assets are not adequate to repay debts owed to  the secured creditor, the unpaid debts of such secured creditor shall be paid by the liquidator in  the  manner specified in clause ( e) of sub -section ( 1) of","secured creditor","security agreement",""
"","","","","liquidation proceedings","charge documents",""
"","","","","security interest","liquidation plan",""
"","","","","liquidation estate","Adjudicating Authority application",""
"","","","","liquidator","Adjudicating Authority order",""
"","","","","sale of assets","valuation reports",""
"","","","","Adjudicating Authority","information utility records",""
"","","","","information utility","",""
"","","","","Board","",""
"","","","","secured assets","",""
"","","","","debts due","",""
"","","","","corporate debtor","",""
"","","","","resistance","",""
"","","","","insolvency resolution process costs","",""
"","","","","surplus funds","",""
"","","","","unpaid debts","",""
"The Insolvency And Bankruptcy Code, 2016","53","Distribution of assets","section 53. 53. Distribution of assets .—(1) Notwithstanding anything to the contrary contained in any law  enacted by the Parliament or any State Legislature for the time being in force, the proceeds  from the sale  of the liquidation assets shall be distributed in the following order of priority and within such period and  in such man ner as may be specified, namely: — 
(a) the insolvency resolution process costs and the liquidation costs paid in full;  
(b) the following debts which shall rank equally between and among the following :— 
(i) workmen ’s dues for the period of twenty -four months preceding the liquidation  commencement date; and  
(ii) debts owed to a secured creditor in the event such secured credito r has relinquished  security in the manner set out in section 52;  
(c) wages and any unpaid dues owed to employees other than workmen for the period of twelve  months preceding the liquidation commencement date;  
(d) financial debts owed to unsecured creditors ; 
(e) the following dues shall rank equally between and among the following: — 
(i) any amount due to the Central Government and the State Government including the  amount to be received on account of the Consolidated Fund of India and the Consolidated Fund  of a State, if any, in respect of the whole or any part of the period of two years preceding the  liquidation commencement date;  
(ii) debts owed to a secured creditor for any amount unpaid following the enforcement of  security interest;  
(f) any remaining de bts and dues;  
(g) preference shareholders, if any; and  
(h) equity shareholders or partners, as the case may be.  
(2) Any contractual arrangements between recipients under sub -section ( 1) with equal ranking, if  disrupting the order of priority under that sub -section shall be disregarded by the liquidator.  
(3) The fees payable to the liquidator shall be deducted proportionately from the proceeds payable to  each class of recipients under sub -section ( 1), and the proceeds to the relevant recipient shall be  distributed after such deduction.  
Explanation .—For the purpose of this section — 
(i) it is hereby clarified that at each stage of the distribution of proceeds in respect of a class of  recipients that rank equally, each of the debts will either be paid in full, o r will be paid in equal  proportion within the same class of recipients, if the proceeds are insufficient to meet the debts in full;  and 
(ii) the term “workmen ’s dues ” shall have the same meaning as assigned to it in section 326 of the  Companies Act, 2013  (18 of 2013) .","distribution of assets","liquidation plan",""
"","","","","liquidation assets","financial statements",""
"","","","","order of priority","employee records",""
"","","","","insolvency resolution process costs","government claims",""
"","","","","liquidation costs","shareholder agreements",""
"","","","","workmen's dues","liquidator's report",""
"","","","","secured creditor","",""
"","","","","unsecured creditors","",""
"","","","","employees dues","",""
"","","","","Central Government dues","",""
"","","","","State Government dues","",""
"","","","","preference shareholders","",""
"","","","","equity shareholders","",""
"","","","","liquidator fees","",""
"","","","","Companies Act, 2013","",""
"The Insolvency And Bankruptcy Code, 2016","54","Dissolution of corporate debtor","54. Dissolution of corporate debtor .—(1) Where the assets of the corporate debtor have been  completely liquidated, the liquidator shall make an application to the Adjudicating Authority for the  dissolution of such corporate debtor.  
(2) The Adj udicating Authority shall on application filed by the liquidator under sub -section ( 1) order  that the corporate debtor shall be dissolved from the date of that order and the corporate debtor shall be  dissolved accordingly.  
(3) A copy of an order under sub -section ( 2) shall within seven days from the date of such order, be  forwarded to the authority with which the corporate debtor is registered.","dissolution","liquidation plan",""
"","","","","corporate debtor","Adjudicating Authority application",""
"","","","","liquidated assets","Adjudicating Authority order",""
"","","","","liquidator","Registrar of Companies filing",""
"","","","","Adjudicating Authority","",""
"","","","","application for dissolution","",""
"","","","","dissolution order","",""
"","","","","registered authority","",""
"The Insolvency And Bankruptcy Code, 2016","55","Fast track corporate insolvency resolution process","54 CHAPTER IV  
FAST TRACK CORPORATE INSOLVENCY RESOLUTION PROCESS  
55. Fast track corporate insolvency resolution proc ess.—(1) A corporate insolvency resolution  process carried out in accordance with this Chapter shall be called as fast track corporate insolvency  resolution process.  
(2) An application for fast track corporate insolvency resolution process may be made in r espect of  the following corporate debtors, namely: — 
(a) a corporate debtor with assets and income below a level as may be notified by the Central  Government; or  
(b) a corporate debtor with such class of creditors or such amount of debt as may be notified b y  the Central Government; or  
(c) such other category of corporate persons as may be notified by the Central Go","fast track insolvency","insolvency application",""
"","","","","corporate insolvency resolution process","resolution plan",""
"","","","","corporate debtor","Central Government notifications",""
"","","","","Central Government notification","company financial statements",""
"","","","","assets","",""
"","","","","income","",""
"","","","","creditors","",""
"","","","","debt","",""
"The Insolvency And Bankruptcy Code, 2016","56","Time period for completion of fast track corporate insolvency resolution process","56. Time period for completion of fast track corporate insolvency resolution process. —(1) Subject to the provisions of sub-section (3), the fast track corporate insolvency resolution process shall be completed within a period of ninety days from the insolvency commencement date.
(2) The resolution professional shall file an application to the Adjudicating Authority to extend the period of the fast track corporate insolvency resolution process beyond ninety days if instructed to do so by a resolution passed at a meeting of the committee of creditors and supported by a vote of seventy five per cent. of the voting share.
(3) On receipt of an application under sub-section (2), if the Adjudicating Authority is satisfied that the subject matter of the case is such that fast track corporate insolvency resolution process cannot be completed within a period of ninety days, it may, by order, extend the duration of such process beyond the said period of ninety days by such further period, as it thinks fit, but not exceeding forty-five days:
Provided that any extension of the fast track corporate insolvency resolution process under this section shall not be granted more than once.","fast track corporate insolvency resolution process","application to Adjudicating Authority",""
"","","","","CIRP","resolution of Committee of Creditors",""
"","","","","time period","",""
"","","","","ninety days","",""
"","","","","extension","",""
"","","","","Adjudicating Authority","",""
"","","","","resolution professional","",""
"","","","","committee of creditors","",""
"","","","","CoC","",""
"","","","","voting share","",""
"The Insolvency And Bankruptcy Code, 2016","57","Manner of initiating fast track corporate insolvency resolution process","57. Manner of initiating fast track corporate insolvency resolution process.—An application for fast track corporate insolvency resolution process may be filed by a creditor or corporate debtor as the case may be, along with—
(a) the proof of the existence of default as evidenced by records available with an information utility or such other means as may be specified by the Board; and
(b) such other information as may be specified by the Board to establish that the corporate debtor is eligible for fast track corporate insolvency resolution process.","initiating fast track CIRP","application for fast track CIRP",""
"","","","","creditor application","proof of existence of default",""
"","","","","corporate debtor application","information utility records",""
"","","","","proof of default","Board specified information",""
"","","","","information utility","",""
"","","","","Board specifications","",""
"","","","","eligibility","",""
"The Insolvency And Bankruptcy Code, 2016","58","Applicability of Chapter II to this Chapter","58. Applicability of Chapter II to this Chapter.—The process for conducting a corporate insolvency resolution process under Chapter II and the provisions relating to offences and penalties under Chapter VII shall apply to this Chapter as the context may require.
CHAPTER V
VOLUNTARY LIQUIDATION OF CORPORATE PERSONS","applicability","",""
"","","","","Chapter II","",""
"","","","","offences","",""
"","","","","penalties","",""
"","","","","corporate insolvency resolution process","",""
"","","","","Chapter VII","",""
"The Insolvency And Bankruptcy Code, 2016","59","Voluntary liquidation of corporate persons","59. Voluntary liquidation of corporate persons.—(1) A corporate person who intends to liquidate itself voluntarily and has not committed any default may initiate voluntary liquidation proceedings under the provisions of this Chapter.
(2) The voluntary liquidation of a corporate person under sub-section (1) shall meet such conditions and procedural requirements as may be specified by the Board.
(3) Without prejudice to sub-section (2), voluntary liquidation proceedings of a corporate person registered as a company shall meet the following conditions, namely:—
(a) a declaration from majority of the directors of the company verified by an affidavit stating that—
(i) they have made a full inquiry into the affairs of the company and they have formed an opinion that either the company has no debt or that it will be able to pay its debts in full from the proceeds of assets to be sold in the voluntary liquidation; and
(ii) the company is not being liquidated to defraud any person;
(b) the declaration under sub-clause (a) shall be accompanied with the following documents, namely:—
(i) audited financial statements and record of business operations of the company for the previous two years or for the period since its incorporation, whichever is later;
(ii) a report of the valuation of the assets of the company, if any prepared by a registered valuer;
(c) within four weeks of a declaration under sub-clause (a), there shall be—
(i) a special resolution of the members of the company in a general meeting requiring the company to be liquidated voluntarily and appointing an insolvency professional to act as the liquidator; or
(ii) a resolution of the members of the company in a general meeting requiring the company to be liquidated voluntarily as a result of expiry of the period of its duration, if any, fixed by its articles or on the occurrence of any event in respect of which the articles provide that the company shall be dissolved, as the case may be and appointing an insolvency professional to act as the liquidator:
Provided that the company owes any debt to any person, creditors representing two-thirds in value of the debt of the company shall approve the resolution passed under sub-clause (c) within seven days of such resolution.
(4) The company shall notify the Registrar of Companies and the Board about the resolution under sub-section (3) to liquidate the company within seven days of such resolution or the subsequent approval by the creditors, as the case may be.
(5) Subject to approval of the creditors under sub-section (3), the voluntary liquidation proceedings in respect of a company shall be deemed to have commenced from the date of passing of the resolution under sub-clause (c) of sub-section (3).
(6) The provisions of sections 35 to 53 of Chapter III and Chapter VII shall apply to voluntary liquidation proceedings for corporate persons with such modifications as may be necessary.
(7) Where the affairs of the corporate person have been completely wound up, and its assets completely liquidated, the liquidator shall make an application to the Adjudicating Authority for the dissolution of such corporate person.
(8) The Adjudicating Authority shall on an application filed by the liquidator under sub-section (7), pass an order that the corporate debtor shall be dissolved from the date of that order and the corporate debtor shall be dissolved accordingly.
(9) A copy of an order under sub-section (8) shall within fourteen days from the date of such order, be forwarded to the authority with which the corporate person is registered.
CHAPTER VI
ADJUDICATING AUTHORITY FOR CORPORATE PERSONS","voluntary liquidation","directors' declaration",""
"","","","","corporate persons","affidavit of solvency",""
"","","","","no default","audited financial statements",""
"","","","","liquidation proceedings","valuation report",""
"","","","","conditions for voluntary liquidation","special resolution",""
"","","","","declaration of solvency","ordinary resolution",""
"","","","","directors' affidavit","creditors' approval document",""
"","","","","audited financial statements","notice to ROC and Board",""
"","","","","valuation report","application for dissolution",""
"","","","","special resolution","",""
"","","","","members' resolution","",""
"","","","","creditors' approval","",""
"","","","","Registrar of Companies","",""
"","","","","Board notification","",""
"","","","","commencement date","",""
"","","","","dissolution","",""
"","","","","liquidator application","",""
"","","","","winding up","",""
"The Insolvency And Bankruptcy Code, 2016","60","Adjudicating authority for corporate persons","60. Adjudicating authority for corporate persons.—(1) The Adjudicating Authority, in relation to insolvency resolution and liquidation for corporate persons including corporate debtors and personal guarantors thereof shall be the National Company Law Tribunal having territorial jurisdiction over the place where the registered office of the corporate person is located.
(2) Without prejudice to sub-section (1) and notwithstanding anything to the contrary contained in this Code, where a corporate insolvency resolution process or liquidation proceeding of a corporate debtor is pending before a National Company Law Tribunal, an application relating to the insolvency resolution or liquidation or bankruptcy of a corporate guarantor or personal guarantor, as the case may be, of such corporate debtor shall be filed before such National Company Law Tribunal.
(3) An insolvency resolution process or liquidation or bankruptcy proceeding of a corporate guarantor or personal guarantor, as the case may be, of the corporate debtor pending in any court or tribunal shall stand transferred to the Adjudicating Authority dealing with insolvency resolution process or liquidation proceeding of such corporate debtor.
(4) The National Company Law Tribunal shall be vested with all the powers of the Debt Recovery Tribunal as contemplated under Part III of this Code for the purpose of sub-section (2).
(5) Notwithstanding anything to the contrary contained in any other law for the time being in force, the National Company Law Tribunal shall have jurisdiction to entertain or dispose of—
(a) any application or proceeding by or against the corporate debtor or corporate person;
(b) any claim made by or against the corporate debtor or corporate person, including claims by or against any of its subsidiaries situated in India; and
(c) any question of priorities or any question of law or facts, arising out of or in relation to the insolvency resolution or liquidation proceedings of the corporate debtor or corporate person under this Code.
(6) Notwithstanding anything contained in the Limitation Act, 1963 (36 of 1963) or in any other law for the time being in force, in computing the period of limitation specified for any suit or application by or against a corporate debtor for which an order of moratorium has been made under this Part, the period during which such moratorium is in place shall be excluded.","Adjudicating Authority","insolvency petition",""
"","","","","National Company Law Tribunal","liquidation petition",""
"","","","","NCLT","bankruptcy petition",""
"","","","","jurisdiction","applications to NCLT",""
"","","","","insolvency resolution","claim forms",""
"","","","","liquidation","transfer application",""
"","","","","corporate persons","",""
"","","","","corporate debtors","",""
"","","","","personal guarantors","",""
"","","","","corporate guarantors","",""
"","","","","Debt Recovery Tribunal","",""
"","","","","DRT","",""
"","","","","moratorium","",""
"","","","","limitation period","",""
"","","","","transfer of proceedings","",""
"The Insolvency And Bankruptcy Code, 2016","61","Appeals and Appellate Authority","61. Appeals and Appellate Authority.—(1) Notwithstanding anything to the contrary contained under the Companies Act 2013 (18 of 2013), any person aggrieved by the order of the Adjudicating Authority under this part may prefer an appeal to the National Company Law Appellate Tribunal.
(2) Every appeal under sub-section (1) shall be filed within thirty days before the National Company Law Appellate Tribunal:
Provided that the National Company Law Appellate Tribunal may allow an appeal to be filed after the expiry of the said period of thirty days if it is satisfied that there was sufficient cause for not filing the appeal but such period shall not exceed fifteen days.
(3) An appeal against an order approving a resolution plan under section 31 may be filed on the following grounds, namely:—
(i) the approved resolution plan is in contravention of the provisions of any law for the time being in force;
(ii) there has been material irregularity in exercise of the powers by the resolution professional during the corporate insolvency resolution period;
(iii) the debts owed to operational creditors of the corporate debtor have not been provided for in the resolution plan in the manner specified by the Board;
(iv) the insolvency resolution process costs have not been provided for repayment in priority to all other debts; or
(v) the resolution plan does not comply with any other criteria specified by the Board.
(4) An appeal against a liquidation order passed under section 33 may be filed on grounds of material irregularity or fraud committed in relation to such a liquidation order.","appeals","appeal petition",""
"","","","","Appellate Authority","NCLT orders",""
"","","","","National Company Law Appellate Tribunal","resolution plan",""
"","","","","NCLAT","liquidation order",""
"","","","","Adjudicating Authority order","",""
"","","","","appeal period","",""
"","","","","resolution plan appeal","",""
"","","","","liquidation order appeal","",""
"","","","","grounds for appeal","",""
"","","","","contravention of law","",""
"","","","","material irregularity","",""
"","","","","fraud","",""
"","","","","operational creditors","",""
"","","","","insolvency resolution process costs","",""
"The Insolvency And Bankruptcy Code, 2016","62","Appeal to Supreme Court","62. Appeal to Supreme Court.—(1) Any person aggrieved by an order of the National Company Law Appellate Tribunal may file an appeal to the Supreme Court on a question of law arising out of such order under this Code within forty-five days from the date of receipt of such order.
(2) The Supreme Court may, if it is satisfied that a person was prevented by sufficient cause from filing an appeal within forty-five days, allow the appeal to be filed within a further period not exceeding fifteen days.","Supreme Court appeal","","appeal petition to Supreme Court"
"","","","","NCLAT order","",""
"","","","","question of law","",""
"","","","","appeal period","",""
"","","","","extension of time","",""
"The Insolvency And Bankruptcy Code, 2016","63","Civil court not to have jurisdiction","63. Civil court not to have jurisdiction.—No civil court or authority shall have jurisdiction to entertain any suit or proceedings in respect of any matter on which National Company Law Tribunal or the National Company Law Appellate Tribunal has jurisdiction under this Code.","civil court jurisdiction","",""
"","","","","exclusion of jurisdiction","",""
"","","","","National Company Law Tribunal","",""
"","","","","National Company Law Appellate Tribunal","",""
"The Insolvency And Bankruptcy Code, 2016","64","Expeditious disposal of applications","64. Expeditious disposal of applications.—(1) Where an application is not disposed of or an order is not passed within the period specified in this Code, the National Company Law Tribunal or the National Company Law Appellate Tribunal, as the case may be, shall record the reasons for not doing so within the period so specified; and the President of the National Company Law Tribunal or the Chairperson of the National Company Law Appellate Tribunal, as the case may be, may, after taking into account the reasons so recorded, extend the period specified in the Act but not exceeding ten days.
(2) No injunction shall be granted by any court, tribunal or authority in respect of any action taken, or to be taken, in pursuance of any power conferred on the National Company Law Tribunal or the National Company Law Appellate Tribunal under this Code.","expeditious disposal","NCLT applications",""
"","","","","applications","NCLAT applications",""
"","","","","orders","NCLT orders",""
"","","","","time limits","NCLAT orders",""
"","","","","reasons for delay","",""
"","","","","extension of time","",""
"","","","","President NCLT","",""
"","","","","Chairperson NCLAT","",""
"","","","","injunctions","",""
"","","","","stay orders","",""
"The Insolvency And Bankruptcy Code, 2016","65","Fraudulent or malicious initiation of proceedings","65. Fraudulent or malicious initiation of proceedings.—(1) If, any person initiates the insolvency resolution process or liquidation proceedings fraudulentl","fraudulent initiation","insolvency petition",""
"","","","","malicious initiation","liquidation petition",""
"","","","","insolvency resolution process","",""
"","","","","liquidation proceedings","",""
"","","","","penalty","",""
"The Insolvency And Bankruptcy Code, 2016","65(2)","Penalty for fraudulent voluntary liquidation","(2) If, any person initiates voluntary liquidation proceedings with the intent to defraud any person, the Adjudicating Authority may impose upon such person a penalty which shall not be less than one lakh rupees but may extend to one crore rupees.","voluntary liquidation","liquidation application",""
"","","","","defraud","Adjudicating Authority order",""
"","","","","Adjudicating Authority","",""
"","","","","penalty","",""
"","","","","fraudulent intent","",""
"","","","","fine","",""
"The Insolvency And Bankruptcy Code, 2016","66","Fraudulent trading or wrongful trading","66. Fraudulent trading or wrongful trading .—(1) If during the corporate insolvency resolution process or a liquidation process, it is  found that any business of the corporate debtor has been carried on with intent to defraud creditors of the corporate debtor or for any fraudulent purpose, the Adjudicating Authority may on the application of the resolution professional pass an order that  any persons who were knowingly  parties to the carrying on of the business in such manner shall be liable to make such contributions to the assets of the corporate debtor as it may deem fit.  (2) On an application made by a resolution professional during th e corporate insolvency resolution process, the Adjudicating Authority may by an order direct that a director or  partner of the corporate debtor, as the case may be, shall be liable to make such contribution to the assets of the corporate debtor as it may d eem fit, if — (a) before the insolvency commencement date, such director or partner knew or ought to have known that there was no reasonable prospect of avoiding the commencement of a corporate insolvency resolution process in respect of such corporate debt or; and  (b) such director or partner did not exercise due diligence in minimising the potential loss to the creditors of the corporate debtor.  Explanation .—For the purposes of this section a director or partner of the corporate debtor, as the case may be, shall be deemed to have exercised due diligence if such diligence was reasonably expected of a person carrying out the same functions as are carried out by such director or partner, as the case may be, in relation to the corporate debtor.","fraudulent trading","resolution plan",""
"","","","","wrongful trading","liquidation plan",""
"","","","","corporate insolvency resolution process","director's report",""
"","","","","liquidation process","financial statements",""
"","","","","defraud creditors","application to Adjudicating Authority",""
"","","","","resolution professional","",""
"","","","","Adjudicating Authority","",""
"","","","","director liability","",""
"","","","","partner liability","",""
"","","","","due diligence","",""
"","","","","insolvency commencement date","",""
"","","","","contribution to assets","",""
"","","","","corporate debtor","",""
"","","","","fraudulent purpose","",""
"The Insolvency And Bankruptcy Code, 2016","67","Proceedings under section 66","67. Proceedings u nder section 66 . —(1) Where the Adjudicating Authority has passed an order under sub-section ( 1) or sub -section ( 2) of section 66, as the case may be, it may give such further directions as it may deem appropriate for giving effect to the order, and in part icular, the Adjudicating Authority may— (a) provide for the liability of any person under the order to be a charge on any debt or obligation due from the corporate debtor to him, or on any mortgage or charge or any interest in a mortgage or charge on asset s of the corporate debtor held by or vested in him, or any person on his behalf, or any person claiming as assignee from or through the person liable or any person acting on his behalf; and (b) from time to time, make such further directions as may be nece ssary for enforcing any charge imposed under this section. Explanation .—For the purposes of this section, “assignee ” includes a person to whom or in whose favour, by the directions of the person held liable under clause ( a) the debt, obligation, mortgage o r charge was created, issued or transferred or the interest created, but does not include an assignee for valuable consideration given in good faith and without notice of any of the grounds on which the directions have been made. (2) Where the Adjudicating  Authority has passed an order under sub -section ( 1) or sub -section ( 2) of section 66, as the case may be, in relation to a person who is a creditor of the corporate debtor, it may, by an order, direct that the whole or any part of any debt owed by the cor porate debtor to that person and any interest thereon shall rank in the order of priority of payment under section 53 after all other debts owed by the corporate debtor.","Adjudicating Authority","Adjudicating Authority order",""
"","","","","directions","charge creation documents",""
"","","","","liability","debt recovery applications",""
"","","","","charge","resolution plan",""
"","","","","debt","liquidation plan",""
"","","","","obligation","",""
"","","","","mortgage","",""
"","","","","assignee","",""
"","","","","creditor","",""
"","","","","priority of payment","",""
"","","","","section 66","",""
"","","","","corporate debtor","",""
"","","","","enforcing charge","",""
"","","","","order","",""
"The Insolvency And Bankruptcy Code, 2016","68","Punishment for concealment of property","CHAPTER VII OFFENCES AND PENALTIES 68. Punishment for concealment of property .—Where a ny officer of the corporate debtor has, — (i) within the twelve months immediately preceding the insolvency commencement date, — (a) wilfully concealed any property or part of such property of the corporate debtor or concealed any debt due to, or from, the c orporate debtor, of the value of ten thousand rupees or more; or (b) fraudulently removed any part of the property of the corporate debtor of the value of ten thousand rupees or more; or (c) wilfully  concealed, destroyed, mutilated or falsified any book or  paper affecting or relating to the property of the corporate debtor or its affairs, or  (d) wilfully made any false entry in any book or paper affecting or relating to the property of the corporate debtor or its affairs; or  (e) fraudulently parted with, al tered or made any omission in any document affecting or relating to the property of the corporate debtor or its affairs; or  (f) wilfully created any security interest over, transferred or disposed of any property of the corporate debtor which has been obta ined on credit and has not bee n paid for unless such creation , transfer or disposal was in the ordinary course of the business of the corporate debtor; or  (g) wilfully concealed the knowledge of the doing by others of any of the acts mentioned in clauses ( c), (d) or clause ( e); or (ii) at any time after the insolvency commencement date, committed any of the acts mentioned in sub-clause ( a) to ( f) of clause ( i) or has the knowledge of the doing by others of any of the things mentioned in sub -clauses ( c) to ( e) of clause ( i); or (iii) at any time after the insolvency commencement date, taken in pawn or pledge, or otherwise received the property knowing it to be so secured, transferred or disposed,  such officer shall be punishable with imprisonment for a term w hich shall not be less than three years but which may extend to five years, or with fine, which shall not be less than one lakh rupees, but may extend to one crore rupees, or with both:  Provided that nothing in this section shall render a person liable to any punishment under this section if he proves that he had no intent to defraud or to conceal the state of affairs of the corporate debtor.","punishment","forensic audit report",""
"","","","","concealment of property","financial statements",""
"","","","","officer of corporate debtor","books of accounts",""
"","","","","insolvency commencement date","property records",""
"","","","","fraudulent removal","charge documents",""
"","","","","falsification of books","Adjudicating Authority order",""
"","","","","false entry","",""
"","","","","security interest","",""
"","","","","transfer of property","",""
"","","","","defraud","",""
"","","","","fine","",""
"","","","","imprisonment","",""
"","","","","offences","",""
"","","","","corporate debtor","",""
"The Insolvency And Bankruptcy Code, 2016","69","Punishment for transactions defrauding creditors","69. Punishment for transactions defrauding creditors .—1[If] an officer of the corporate debtor or the corporate debt or— (a) has made or caused to be made any gift or transfer of, or charge on, or has caused or connived in the execution of a decree or order against, the property of the corporate debtor;  (b) has concealed or removed any part of the property of the corpora te debtor within two months before the date of any unsatisfied judgment, decree or order for payment of money obtained against the corporate debtor,  such officer of the corporate debtor or the corporate debtor, as the case may be, shall be punishable with imprisonment for a term which shall not be less than one year, but which may extend to five years, or with fine, which shall not be less than one lakh rupees, but may extend to one crore rupees, or with both:  Provided that a person shall not be punishable  under this section if the acts mentioned in clause ( a) were committed more than five years before the insolvency commencement date; or if he proves that, at the time of commission of those acts, he had no intent to defraud the creditors of the corporate d ebtor.  1. Subs. by Act 26 of 2018, s. 30, for “On or after the insolvency commencement date, if” (w.e.f. 6 -6-2018) .","punishment","financial statements",""
"","","","","defrauding creditors","transaction records",""
"","","","","officer of corporate debtor","charge documents",""
"","","","","gift","court orders",""
"","","","","transfer","Adjudicating Authority order",""
"","","","","charge","",""
"","","","","decree","",""
"","","","","order","",""
"","","","","concealment","",""
"","","","","removal of property","",""
"","","","","insolvency commencement date","",""
"","","","","fraudulent intent","",""
"","","","","fine","",""
"","","","","imprisonment","",""
"","","","","offences","",""
"","","","","corporate debtor","",""
"The Insolvency And Bankruptcy Code, 2016","70","Punishment for misconduct in course of corporate insolvency resolution process","70. Punishment for misconduct in course of corporate insolvency resolution process .—(1) On or after the insolvency commencement date, where an o fficer of the corporate debtor — (a) does not disclose to the resolution professional all the details of p roperty of the corporate debtor, and details of transactions thereof, or any such other information as the resolution professional may require; or (b) does not  deliver to the resolution professional all or part of the property of the corporate debtor in hi s control or custody and which he is required to deliver; or  (c) does not deliver to the resolution professional all books and papers in his control or custody belonging to the corporate debtor and which he is required to deliver; or  (d) fails to inform th ere solution professional the information in his knowledge that a debt has been falsely proved by any person during the corporate insolvency resolution process; or  (e) prevents the production of any book or paper affecting or relating to the property or af fairs of the corporate debtor; or  (f) accounts for any part of the property of the corporate debtor by fictitious losses or expenses, or if he has so attempted at any meeting of the creditors of the corporate debtor within the twelve months immediately pre ceding the insolvency commencement date,  he shall be punishable with imprisonment for a term which shall not be less than three years, but which may extend to five years, or with fine, which shall not be less than one lakh rupees, but may extend to one crore rupees, or with both:  Provided that nothing in this section shall render a person liable to any punishment under this section if he proves that he had no intent to do so in relation to the state of affairs of the corporate debtor.  (2) If an insolvency p rofessional deliberately contravenes the provisions of this Part he shall be punishable with imprisonment for a term which may extend to six months, or with fine which shall not be less than one lakh rupees, but may extend to five lakhs rupees, or with bot h.","punishment","resolution plan",""
"","","","","misconduct","information memorandum",""
"","","","","corporate insolvency resolution process","books of accounts",""
"","","","","insolvency commencement date","financial statements",""
"","","","","officer of corporate debtor","forensic audit report",""
"","","","","resolution professional","Adjudicating Authority order",""
"","","","","disclosure of property","",""
"","","","","delivery of property","",""
"","","","","books and papers","",""
"","","","","false debt proof","",""
"","","","","fictitious losses","",""
"","","","","insolvency professional","",""
"","","","","contravention","",""
"","","","","fine","",""
"","","","","imprisonment","",""
"","","","","offences","",""
"","","","","corporate debtor","",""
"The Insolvency And Bankruptcy Code, 2016","71","Punishment for falsification of books of corporate debtor","71. Punishment for falsification of books of corporate debtor .—On and after the insolvency commencement date, where any person destroys, mutilates, alters or falsifies any books, papers or securities, or makes or is in the knowledge of making of any fal se or fraudulent entry in any register, books of account or document belonging to the corporate debtor with intent to defraud or deceive any person, he shall be punishable with imprisonment for a term which shall not be less than","punishment","books of accounts",""
"","","","","falsification of books","financial statements",""
"","","","","corporate debtor","company records",""
"","","","","insolvency commencement date","forensic audit report",""
"","","","","destroy books","Adjudicating Authority order",""
"","","","","mutilate books","",""
"","","","","alter books","",""
"","","","","fraudulent entry","",""
"","","","","defraud","",""
"","","","","deceive","",""
"","","","","fine","",""
"","","","","imprisonment","",""
"","","","","offences","",""
"The Insolvency And Bankruptcy Code, 2016","72","Punishment for wilful and material omissions from statements relating to affairs of corporate debtor","72. Punishment for wilful and material omissions from statements relating to affairs of corporate debtor .—Where an officer o f the corporate debtor makes any material and wilful omission in any statement relating to the affairs of the corporate debtor, he shall be punishable with imprisonment for a term which shall not be less than three years but which may extend to five years, or with fine which shall not be less than one lakh rupees, but may extend to one crore rupees, or with both.","punishment","financial statements",""
"","","","","corporate debtor","board resolutions",""
"","","","","officer","affidavit",""
"","","","","wilful omission","disclosure statement",""
"","","","","false statement","",""
"","","","","corporate affairs","",""
"","","","","insolvency","",""
"","","","","fraud","",""
"The Insolvency And Bankruptcy Code, 2016","73","Punishment for false representations to creditors","73. Punishment for false representations to creditors .—Where any officer of the corporate debtor — (a) on or after the insolvency commencement date , makes a false representation or commits any fraud for the purpose of obtaining the consent of the creditors of the corporate debtor or any of them to an agreement with reference to the affairs of the corporate debtor, during the corporate insolvency resolution process, or the liquidation process; (b) prior to the insolvency commencement date, has made any false representation, or committed any fraud, for that purpose, he shall be punishable with imprisonment for a term which shall not be less than three y ears, but may extend to five years or with fine which shall not be less than one lakh rupees, but may extend to one crore rupees, or with both.","punishment","agreement",""
"","","","","false representation","resolution plan",""
"","","","","fraud","information memorandum",""
"","","","","creditors","disclosure statement",""
"","","","","corporate debtor","creditors' meeting minutes",""
"","","","","insolvency commencement date","",""
"","","","","corporate insolvency resolution process","",""
"","","","","liquidation process","",""
"","","","","agreement","",""
"The Insolvency And Bankruptcy Code, 2016","74","Punishment for contravention of moratorium or the resolution plan","74. Punishment for contravention of moratorium or the resolution plan .—(1) Where the corporate debtor or any of its officer violates the provisions of section 14, any such officer who knowingly or wilfully committed or authorised or permitted such contravention shall be punishable with imprisonment for a term which shall not be less than three years, but may extend to five years or with fine which shall not be less than one lakh rupees, but may extend to three lakh rupees, or with both. (2) Where any creditor violates the provisions of section 14, any person who knowingly and wilfully authorised or permitted such con travention by a creditor shall be punishable with imprisonment for a term which shall not be less than one year, but may extend to five years, or with fine which shall not be less than one lakh rupees, but may extend to one crore rupees, or with both. (3) Where the corporate debtor, any of its officers or creditors or any person on whom the approved resolution plan is binding under section 31, knowingly and wilfully contravenes any of the terms of such resolution plan or abets such contravention, such corpo rate debtor, officer, creditor or person shall be punishable with imprisonment of not less than one year, but may extend to five years, or with fine which shall not be less than one lakh rupees, but may extend to one crore rupees, or with both.","punishment","resolution plan",""
"","","","","moratorium","moratorium order",""
"","","","","resolution plan","court order",""
"","","","","contravention","agreement",""
"","","","","corporate debtor","NCLT orders",""
"","","","","officer","",""
"","","","","creditor","",""
"","","","","violation","",""
"","","","","insolvency","",""
"","","","","section 14","",""
"","","","","section 31","",""
"The Insolvency And Bankruptcy Code, 2016","75","Punishment for false information furnished in application","75. Punishment for false information furnished in application .—Where any person furnishes information in the application made under section 7, which is false in material particulars, knowing it to be false or omits any material fact, knowing it to be material, such p erson shall be punishable with fine which shall not be less than one lakh rupees, but may extend to one crore rupees.","punishment","insolvency application",""
"","","","","false information","financial statements",""
"","","","","application","affidavit",""
"","","","","omission","disclosure statement",""
"","","","","material fact","",""
"","","","","section 7","",""
"","","","","insolvency","",""
"","","","","financial creditor","",""
"The Insolvency And Bankruptcy Code, 2016","76","Punishment for non-disclosure of dispute or payment of debt by operational creditor","76. Punishment for non -disclosure of dispute or 1[payment ] of debt by operational creditor .—Where — (a) an operational creditor has wilfull y or knowingly concealed in an application under section 9 the fact that the corporate debtor had notified him of a dispute in respect of the unpaid operation al debt or the full and final 1[payment ] of the unpaid operational debt; or (b) any person who kno wingly and wilfully authorised or permitted such concealment under clause ( a), such operational creditor or person, as the case may be, shall be punishable with imprisonment for a term which shall not be less than one year but may extend to five years or w ith fine which shall not be less than one lakh rupees but may extend to one crore rupees, or with both.","punishment","insolvency application",""
"","","","","non-disclosure","demand notice",""
"","","","","dispute","reply to demand notice",""
"","","","","payment","debt recovery notice",""
"","","","","operational creditor","financial statements",""
"","","","","corporate debtor","",""
"","","","","section 9","",""
"","","","","insolvency application","",""
"","","","","concealment","",""
"","","","","unpaid debt","",""
"The Insolvency And Bankruptcy Code, 2016","77","Punishment for providing false information in application made by corporate debtor","77. Punishment for providing false information in application made by corporate debtor .—Where — (a) a corporate debtor provides information in the applic ation under section 10 which is false in material particulars, knowing it to be false and omits any material fact, knowing it to be material; or (b) any person who knowingly and wilfully authorised or permitted the furnishing of such information under sub -clause ( a), such corporate debtor or person, as the case may be, shall be punishable with imprisonment for a term which shall not be less than three years, but which may extend to five years or with fine which shall not be less than one lakh rupees, but w hich may extend to one crore rupees, or with both. Explanation .—For the purposes of this section and sections 75 and 76, an application shall be deemed to be false in material particulars in case the facts mentioned or omitted in the application, if true, or not omitted from the application as the case may be, would have been sufficient to determine the existence of a default under this Code. 1. Subs. by Act 26 of 2018, s. 31, for “repayment” (w.e.f. 6 -6-2018) .","punishment","insolvency application",""
"","","","","false information","board resolution",""
"","","","","application","financial statements",""
"","","","","corporate debtor","affidavit",""
"","","","","section 10","disclosure statement",""
"","","","","omission","",""
"","","","","material particulars","",""
"","","","","default","",""
"","","","","insolvency","",""
"The Insolvency And Bankruptcy Code, 2016","78","Application","78. Appli cation .—This Part shall apply to matters relating to fresh start, insolvency and bankruptcy of individuals and partnership firms where the amount of the default is not less than one thousand rupees: Provided that the Central Government may, by notificatio n, specify the minimum amount of default of higher value which shall not be more than one lakh rupees.","application","insolvency application",""
"","","","","fresh start","fresh start application",""
"","","","","insolvency","bankruptcy petition",""
"","","","","bankruptcy","gazette notification",""
"","","","","individuals","",""
"","","","","partnership firms","",""
"","","","","default amount","",""
"","","","","Central Government","",""
"The Insolvency And Bankruptcy Code, 2016","79","Definitions","79. Definitions .—In this Part, unless the context otherwise requires, — (1) “Adjudicating Authority ” means the Debt Recovery Tribunal constituted under sub-section ( 1) of section 3 of the Recovery of Debts Due to Banks and Financial Institutions Act, 1993 (51 of 1993) ; (2) “associate ” of the debtor means — (a) a person who belongs to the immediate family of the debtor; (b) a person who is a relative of the debtor or a relative of the spouse of the debtor; (c) a person who is in partnership with the debtor; (d) a person who is a spouse or a relative of any person with whom the debtor is in partnership; (e) a person who is employ er of the debtor or employee of the debtor; (f) a person who is a trustee of a trust in which the beneficiaries of the trust include a debtor, or the terms of the trust confer a power on the trustee which may be exercised for the benefit of the debtor; and (g) a company, where the debtor or the debtor along with his associates, own more than fifty per cent. of the share capital of the company or control the appointment of the board of directors of the company. Explanation .—For the purposes of this clause , “relative ”, with reference to any person, means anyone who is related to another, if — (i) they are members of a Hindu Undivided Family; (ii) one person is related to the other in such manner as may be prescribed; (3) “bankrupt ” means — (a) a debtor who has been adjudged as bankrupt by a bankruptcy order under section 126; (b) each of the partners of a firm, where a bankruptcy order under section 126 has been made against a firm; or (c) any person adjudged as an undischarged insolvent; (4) “bankruptcy ” means the state of being bankrupt; (5) “bankruptcy debt ”, in relation to a bankrupt, means — (a) any debt owed by him as on the bankruptcy commencement date; (b) any debt for which he may become liable after bankruptcy commencement date but before his discharge by reason of any transaction entered into before the bankruptcy commencement date; and (c) any interest which is a part of the debt under section 171; (6) “bankruptcy commencement date ” means the date on which a bankruptcy order is passed by the Adjudicating Authority under section 126; (7) “bankruptcy order ” means an order passed by an Adjudicating Authority under section 126; (8) “bankruptcy process ” means a process against a debtor under Chapters IV and V of this Part; (9) “bankruptcy trustee ” means the insolvency professional appointed as a trustee for the estate of the bankrupt under section 125; (10) “Chapter ” means a chapter under this Part; (11) “committee of creditors ” means a committee constituted under section 134; (12) “debtor ” includes a judgment-debtor; (13) “discharge order ” means an order passed by the Adjudicating Authority discharging the debtor under sections 92, 119 and section 138, as the case may be; (14) “excluded assets ” for the purposes of this part includes — (a) unencumbered tools, b ooks, vehicles and other equipment as are necessary to the debtor or bankrupt for his personal use or for the purpose of his employment, business or vocation, (b) unencumbered furniture, household equipment and provisions as are necessary for satisfying th e basic domestic needs of the bankrupt and his immediate family; (c) any unencumbered personal ornaments of such value, as may be prescribed, of the debtor or his immediate family which cannot be parted with, in accordance with religious usage; (d) any une ncumbered life insurance policy or pension plan taken in the name of debtor or his immediate family; and (e) an unencumbered single dwelling unit owned by the debtor of such value as may be prescribed; (15) “excluded debt ” means — (a) liability to pay fine imposed by a court or tribunal; (b) liability to pay damages for negligence, nuisance or breach of a statutory, contractual or other legal obligation; (c) liability to pay maintenance to any person under any law for the time being in force; (d) liability in relation to a student loan; and (e) any other debt as may be prescribed; (16) “firm” means a body of individuals carrying on business in partnership whether or not registered under section 59 of the Indian Partnership Act, 1932 (9 of 1932) ; (17) “immedi ate family ” of the debtor means his spouse, dependent children and dependent parents; (18) “partnership debt ” means a debt for which all the partners in a firm are jointly liable; (19) “qualifying debt” means amount due, which includes interest or any othe r sum due in respect of the amounts owed under any contract, by the debtor for a liquidated sum either immediately or at certain future time and does not include — (a) an excluded debt; (b) a debt to the extent it is secured; and (c) any debt which has been incurred three months prior to the date of the application for fresh start process; (20) “repayment plan ” means a plan prepared by the debtor in consultation with the resolution professional under section 105 containing a proposal to the committee of cred itors for restructuring of his debts or affairs; (21) “resolution professional ” means an insolvency professional appointed under this part as a resolution professional for conducting the fresh start process or insolvency resolution process; (22) “undischar ged bankrupt ” means a bankrupt who has not received a discharge order under","definitions","insolvency application",""
"","","","","Adjudicating Authority","bankruptcy petition",""
"","","","","associate","resolution plan",""
"","","","","debtor","NCLT orders",""
"","","","","bankrupt","DRT orders",""
"","","","","bankruptcy","legal notices",""
"","","","","bankruptcy debt","partnership agreement",""
"","","","","commencement date","trust deed",""
"","","","","bankruptcy order","",""
"","","","","bankruptcy process","",""
"","","","","bankruptcy trustee","",""
"","","","","committee of creditors","",""
"","","","","discharge order","",""
"","","","","excluded assets","",""
"","","","","excluded debt","",""
"","","","","firm","",""
"","","","","immediate family","",""
"","","","","partnership debt","",""
"","","","","qualifying debt","",""
"","","","","repayment plan","",""
"","","","","resolution professional","",""
"","","","","undischarged bankrupt","",""
"","","","","insolvency","",""
"","","","","debt recovery","",""
"The Insolvency And Bankruptcy Code, 2016","80","Eligibility for making an application","80. Eligibility for making an application .—(1) A debtor, who is unable to pay his debt and fulfils the conditions specified in sub -section ( 2), shall be entitled to make an application for a fresh start for discharge of his qualifying debt under this Chapter. (2) A debtor may apply, either personally or through a resolution professional, for a fresh start under this Chapter in respect of his qualifying debts to the Adjudicating Authority if — (a) the gross annual income of the debtor does not exceed sixty thousand rupees; (b) the aggregate value of the assets of the debtor does not exceed twenty thousand rupees; (c) the aggregate value of the qualifying debts does not exceed thirty -five thousand rupees; (d) he is not an undischarged bankrupt; (e) he does not own a dwelling unit, irrespective of whether it is encumbered or not; (f) a fresh start process, insolvency resolution process or bank ruptcy process is not subsisting against him; and (g) no previous fresh start order under this Chapter has been made in relation to him in the preceding twelve months of the date of the application for fresh start.","eligibility","fresh_start_application_form",""
"","","","","fresh start process","debtor_financial_statements",""
"","","","","debtor","",""
"","","","","application","",""
"","","","","qualifying debt","",""
"","","","","income limit","",""
"","","","","asset limit","",""
"","","","","debt limit","",""
"","","","","undischarged bankrupt","",""
"","","","","dwelling unit","",""
"","","","","prior process","",""
"The Insolvency And Bankruptcy Code, 2016","81","Application for fresh start order","81. Application for fresh start order .—(1) When an application is filed under section 80 by a debtor, an interim -moratorium shall commence on the date of filing of said application in relation to all the debts and shall cease to have effect on the date of admission or rejection of such applicatio n, as the case may be. (2) During the interim -moratorium period, — (i) any legal action or legal proceeding pending in respect of any of his debts shall be deemed to have been stayed; and (ii) no creditor shall initiate any legal action or proce edings in re spect of such debt. (3) The application under section 80 shall be in such form and manner and accompanied by such fee, as may be prescribed. (4) The application under sub -section ( 3) shall contain the following information supported by an affidavit, namely :— (a) a list of all debts owed by the debtor as on the date of the said application along with details relating to the amount of each debt, interest payable thereon and the names of the creditors to whom each debt is owed; (b) the interest payable on the debts and the rate thereof stipulated in the contract; (c) a list of security held in respect of any of the debts; (d) the financial information of the debtor and his immediate family up to two years prior to the date of the application; (e) the particular s of the debtor ’s personal details, as may be prescribed; (f) the reasons for making the application; (g) the particulars of any legal proceedings which, to the debtor ’s knowledge has been commenced against him; (h) the confirmation that no previous fresh start order under this Chapter has been made in respect of the qualifying debts of the debtor in the preceding twelve months of the date of the application.","application","fresh_start_application_form",""
"","","","","fresh start order","affidavit",""
"","","","","interim moratorium","debt_schedule",""
"","","","","stay of proceedings","financial_statements",""
"","","","","creditor action","legal_notices",""
"","","","","application form","",""
"","","","","affidavit","",""
"","","","","debt list","",""
"","","","","financial information","",""
"","","","","legal proceedings","",""
"","","","","previous order confirmation","",""
"The Insolvency And Bankruptcy Code, 2016","82","Appointment of resolution professional","82. Appointment of resolution professional .—(1) Where an application under section 80 is filed by the debtor through a resolution professional, the Adjudicating Authority shall direct the Board within seven days of the date of receipt of the application and shall seek confirmation from the Board that there are no disciplinary proceedings against the res olution professional who has submitted such application. (2) The Board shall communicate to the Adjudicating Authority in writing either — (a) confirmation of the appointment of the resolution professional who filed an application under sub-section ( 1); or (b) rejection of the appointment of the resolution professional who filed an application under sub-section ( 1) and nominate a resolution professional suitable for the fresh start process. (3) Where an application under section 80 is filed by the debtor himself and not through the resolution professional, the Adjudicating Authority shall direct the Board within seven days of the receipt of an application to nominate a resolution professional for the fresh start process. (4) The Board shall nom inate a resolution professional within ten days of receiving the direction issued by the Adjudicating Authority under sub -section ( 3). (5) The Adjudicating Authority shall by order appoint the resolution professional recommended or nominated by the Board u nder sub -section ( 2) or sub -section ( 4), as the case may be. (6) A resolution professional appointed by the Adjudicating Authority under sub -section ( 5) shall be provided a copy of the application for fresh start.","appointment","application_to_adjudicating_authority",""
"","","","","resolution professional","board_communication",""
"","","","","Adjudicating Authority","appointment_order",""
"","","","","Board","",""
"","","","","disciplinary proceedings","",""
"","","","","nomination","",""
"","","","","order of appointment","",""
"","","","","fresh start application","",""
"The Insolvency And Bankruptcy Code, 2016","83","Examination of application by resolution professional","83. Examination of application by resoluti on professional .—(1) The resolution professional shall examine the application made under section 80 within ten days of his appointment, and submit a report to the Adjudicating Authority, either recommending acceptance or rejection of the application. (2) The report referred to in sub -section ( 1) shall contain the details of the amounts mentioned in the application which in the opinion of the resolution professional are — (a) qualifying debts; and (b) liabilities eligible for discharge under sub -section ( 3) of section 92. (3) The resolution professional may call for such further information or explanation in connection with the application as may be required from the debtor or any other person who, in the opinion of the resolution professional, may provide su ch information. (4) The debtor or any other person, as the case may be, shall furnish such information or explanation within seven days of receipt of the request under sub -section ( 3). (5) The resolution professional shall presume that the debtor is unable to pay his debts at the date of the application if — (a) in his opinion the information supplied in the application indicates that the debtor is unable to pay his debts and he has no reason to believe that the information supplied is incorrect or incomplet e; and (b) he has reason to believe that there is no change in the financial circumstances of the debtor since the date of the application enabling the debtor to pay his debts. (6) The resolution professional shall reject the application, if in his opinion — (a) the debtor does not satisfy the conditions specified under section 80; or (b) the debts disclosed in the application by the debtor are not qualifying debts; or (c) the debtor has deliberately made a false representation or omission in the application or with respect to the documents or information submitted. (7) The resolution professional shall record the reasons for recommending the acceptance or rejection of the application in the report to the Adjudicating Authority under sub -section ( 1) and shall give a copy of the report to the debtor.","examination of application","resolution_professional_report",""
"","","","","resolution professional","information_request_letter",""
"","","","","report to Adjudicating Authority","debtor_response_letter",""
"","","","","recommendation","application_documents",""
"","","","","qualifying debts","",""
"","","","","liabilities for discharge","",""
"","","","","information request","",""
"","","","","debtor inability to pay","",""
"","","","","rejection criteria","",""
"","","","","false representation","",""
"","","","","omission","",""
"","","","","report copy to debtor","",""
"The Insolvency And Bankruptcy Code, 2016","84","Admission or rejection of application by Adjudicating Authority","84. Admission or rejection of application by Adjudicating Authority .—(1) The Adjudicating Authority may within fourteen days from the date of submission of the report by the resolution professional, pass an order e ither admitting or rejecting the application made under sub -section ( 1) of","admission of application","adjudicating_authority_order",""
"","","","","rejection of application","resolution_professional_report",""
"","","","","Adjudicating Authority","",""
"","","","","resolution professional report","",""
"","","","","order","",""
"The Insolvency And Bankruptcy Code, 2016","81","Order accepting application and its communication","section 81. (2) The order passed under sub -section ( 1) accepting the application shall state the amount which has been accepted as qualifying debts by the resolution professional an d other amounts eligible for discharge under section 92 for the purposes of the fresh start order. (3) A copy of the order passed by the Adjudicating Authority under sub -section ( 1) along with a copy of the application shall be provided to the creditors me ntioned in the application within seven days of the passing of the order.","fresh start order","fresh_start_application",""
"","","","","qualifying debts","order_of_adjudicating_authority",""
"","","","","resolution professional","creditor_communication",""
"","","","","Adjudicating Authority","debt_statement",""
"","","","","creditors","",""
"","","","","discharge","",""
"","","","","application acceptance","",""
"","","","","order communication","",""
"","","","","debt amount","",""
"The Insolvency And Bankruptcy Code, 2016","85","Effect of admission of application","85. Effect of admission of application .—(1) On the date of admission of the application, the moratorium period shall commence in respect of all the debts. (2) During the moratorium p eriod — (a) any pending legal action or legal proceeding in respect of any debt shall be deemed to have been stayed; and (b) subject to the provisions of section 86, the creditors shall not initiate any legal action or proceedings in respect of any debt. (3) During the moratorium period, the debtor shall — (a) not act as a director of any company, or directly or indirectly take part in or be concerned in the promotion, formation or management of a company; 67 (b) not dispose of or alienate any of his assets; (c) inform his business partners that he is undergoing a fresh start process; (d) be required to inform prior to entering into any financial or commercial transaction of such value as may be notified by the Central Government, either individually or jointly, that he is undergoing a fresh start process; (e) disclose the name under which he enters into business transactions, if it is different from the name in the application admitted under section 84; (f) not travel outside India except with the permission of t he Adjudicating Authority. (4) The moratorium ceases to have effect at the end of the period of one hundred and eighty days beginning with the date of admission unless the order admitting the application is revoked under sub-section ( 2) of section 91.","admission of application","fresh_start_application",""
"","","","","moratorium period","order_of_adjudicating_authority",""
"","","","","debt stay","moratorium_notice",""
"","","","","legal proceedings","company_policy",""
"","","","","debtor restrictions","declaration_by_debtor",""
"","","","","director disqualification","financial_transaction_disclosure",""
"","","","","asset disposal","",""
"","","","","business partner notification","",""
"","","","","financial transactions disclosure","",""
"","","","","travel restrictions","",""
"","","","","Adjudicating Authority permission","",""
"","","","","moratorium duration","",""
"","","","","revocation of order","",""
"The Insolvency And Bankruptcy Code, 2016","86","Objections by creditor and their examination by resolution professional","86. Objections by creditor and their examination by resolution professional .—(1) Any creditor mentioned in the order of the Adjudicating Authority under section 84 to whom a qualifying debt is owed may, within a period of ten days from the date of re ceipt of the order under section 84, object only on the following grounds, namely: — (a) inclusion of a debt as a qualifying debt; or (b) incorrectness of the details of the qualifying debt specified in the order under section 84. (2) A creditor may file an objection under sub -section ( 1) by way of an application to the resolution professional. (3) The application under sub -section ( 2) shall be supported by such information and documents as may be prescribed. (4) The resolution professional shall consider ev ery objection made under this section. (5) The resolution professional shall examine the objections under sub -section ( 2) and either accept or reject the objections, within ten days of the date of the application. (6) The resolution professional may examin e any matter that appears to him to be relevant to the making of a final list of qualifying debts for the purposes of section 92. (7) On the basis of the examination under sub -section ( 5) or sub -section ( 6), the resolution professional shall — (a) prepare a n amended list of qualifying debts for the purpose of the discharge order; (b) make an application to the Adjudicating Authority for directions under section 90; or (c) take such other steps as he considers necessar y in relation to the debtor.","creditor objections","creditor_objection_application",""
"","","","","resolution professional","order_of_adjudicating_authority",""
"","","","","qualifying debt","resolution_professional_report",""
"","","","","Adjudicating Authority order","debt_list",""
"","","","","grounds for objection","amended_debt_list",""
"","","","","incorrect debt details","application_to_adjudicating_authority",""
"","","","","objection application","",""
"","","","","prescribed information","",""
"","","","","document support","",""
"","","","","objection examination","",""
"","","","","accept/reject objection","",""
"","","","","final debt list","",""
"","","","","amended debt list","",""
"","","","","discharge order","",""
"","","","","application for directions","",""
"","","","","debtor related steps","",""
"The Insolvency And Bankruptcy Code, 2016","87","Application against decision of resolution professional","87. Applicat ion against decision of resolution professional .—(1) The debtor or the creditor who is aggrieved by the action taken by the resolution professional under section 86 may, within ten days of such decision, make an application to the Adjudicating Authority ch allenging such action on any of the following grounds, namely: — (a) that the resolution professional has not given an opportunity to the debtor or the creditor to make a representation; or (b) that the resolution professional colluded with the other party in arriving at the decision; or (c) that the resolution professional has not complied with the requirements of","debtor appeal","application_to_adjudicating_authority",""
"","","","","creditor appeal","appeal_petition",""
"","","","","aggrieved party","resolution_professional_report",""
"","","","","resolution professional decision","",""
"","","","","Adjudicating Authority application","",""
"","","","","challenging action","",""
"","","","","grounds for challenge","",""
"","","","","opportunity for representation","",""
"","","","","collusion","",""
"","","","","non-compliance","",""
"The Insolvency And Bankruptcy Code, 2016","86","Procedure for decision on application","(2) The Adjudicating Authority shall decide the application referred to in sub -section ( 1) within fourteen days of such application, and make an order as it deems fit. (3) Where the application under sub -section ( 1) has been allowed by the Adjudicating Authority, it shall forward its order to the Board and the Board may take such action as may be required under Chapter VI of Part IV aga inst the resolution professional.","Adjudicating Authority","application_forms",""
"","","","","application","adjudicating_authority_order",""
"","","","","order","official_correspondence",""
"","","","","Board","",""
"","","","","resolution professional","",""
"","","","","fresh start process","",""
"The Insolvency And Bankruptcy Code, 2016","88","General duties of debtor","The debtor shall — (a) make available to the resolution professional all information relating to his affairs, attend meetings and comply with the requests of the resolution professional in rela tion to the fresh start process. (b) inform the resolution professional as soon as reasonably possible of — (i) any material error or omission in relation to the information or document supplied to the resolution professional; or (ii) any change in financia l circumstances after the date of application, where such change has an impact on the fresh start process.","debtor","debtor_declaration",""
"","","","","duties","financial_statements",""
"","","","","resolution professional","official_correspondence",""
"","","","","information","fresh_start_application",""
"","","","","fresh start process","",""
"","","","","financial circumstances","",""
"","","","","compliance","",""
"","","","","meetings","",""
"The Insolvency And Bankruptcy Code, 2016","89","Replacement of resolution professional","(1) Where the debtor or the creditor is of the opinion that the resolution professional appointed under s ection 82 is required to be replaced, he may apply to the Adjudicating Authority for the replacement of such resolution professional. (2) The Adjudicating Authority shall within seven days of the receipt of the application under sub-section ( 1) make a reference to the Board for replacement of the resolution professional. (3) The Board shall, within ten days of the receipt of a reference from the Adjudicating Authority under sub -section ( 2), recommend the name of an insolvency professional to the Adju dicating Authority against whom no disciplinary proceedings are pending. (4) The Adjudicating Authority shall appoint another resolution professional for the purposes of the fresh start process on the basis of the recommendation by the Board. (5) The Adjud icating Authority may give directions to the resolution professional replaced under sub-section ( 4)— (a) to share all information with the new resolution professional in respect of the fresh start process; and (b) to co -operate with the new resolution p rofessional as may be required.","replacement","application_forms",""
"","","","","resolution professional","adjudicating_authority_order",""
"","","","","debtor","official_correspondence",""
"","","","","creditor","recommendation_letters",""
"","","","","Adjudicating Authority","",""
"","","","","Board","",""
"","","","","insolvency professional","",""
"","","","","fresh start process","",""
"","","","","directions","",""
"","","","","information sharing","",""
"","","","","co-operation","",""
"The Insolvency And Bankruptcy Code, 2016","90","Directions for compliances of restrictions, etc.","(1) The resolution professional may apply to the Adjudicating Authority for any of the following directions, namely: — (a) compliance of any restrictions referred to in sub -section ( 3) of section 85, in case of non-compliance by the debtor; or (b) compliance of the duties of the debtor referred to in section 88, in case of non -compliance by the debtor. (2) The resolution professional may apply to the Adjudicating Authority for directions in relation to any other matter under this Chapter for which no specific provisions have been made.","directions","application_forms",""
"","","","","compliance","adjudicating_authority_order",""
"","","","","restrictions","official_correspondence",""
"","","","","debtor","",""
"","","","","resolution professional","",""
"","","","","Adjudicating Authority","",""
"","","","","non-compliance","",""
"The Insolvency And Bankruptcy Code, 2016","91","Revocation of order admitting application","(1) The resolution professional may submit an application to the Adjudicating Authority seeking revocation of its order made under section 84 on the following grounds, namely : — (a) if due to any change in the financial circumstances of the debtor, the debtor is ineligible for a fresh start process; or (b) non -compliance by the debtor of the restrictions imposed under sub -section ( 3) of section 85; or (c) if the debtor has acted in a mala fide manner and has wilfully failed to comply with the provisions of this Chapter. (2) The Adjudicating Authority shall, within fourteen days of the receipt of the application under sub -section ( 1), may by order admit or reject the application. (3) On passing of the order admitting the application referred to in sub -section ( 1), the moratorium and the fresh start process shall cease to have effect. (4) A copy of the order passed by the Adjudicating Authority under this section shall be provided to the Board for the purpose of recording an entry in the register referred to in section 196.","revocation","application_forms",""
"","","","","order","adjudicating_authority_order",""
"","","","","application","official_correspondence",""
"","","","","Adjudicating Authority","",""
"","","","","debtor","",""
"","","","","financial circumstances","",""
"","","","","ineligible","",""
"","","","","non-compliance","",""
"","","","","mala fide","",""
"","","","","fresh start process","",""
"","","","","moratorium","",""
"","","","","Board","",""
"","","","","register","",""
"The Insolvency And Bankruptcy Code, 2016","92","Discharge order","(1) The resolution professional shall prepare a final list of qualifying debts and submit such list to the Adjudicating Authority at least seven days before the moratorium period comes to an end. (2) The Adjudicating Authority shall pass a discharge order at the end of the moratorium period for discharg e of the debtor from the qualifying debts mentioned in the list under sub -section ( 1). (3) Without prejudice to the provisions of sub -section ( 2), the Adjudicating Authority shall discharge the debtor from the following liabilities, namely: — (a) penalties in respect of the qualifying debts from the date of application till the date of the discharge order; (b) interest including penal interest in respect of the qualifying debts from the date of application till the date of the discharge order; and (c) any ot her sums owed under any contract in respect of the qualifying debts from the date of application till the date of the discharge order. (4) The discharge order shall not discharge the debtor from any debt not included in sub -section ( 2) and from any liabili ty not included under sub -section ( 3). (5) The discharge order shall be forwarded to the Board for the purpose of recording an entry in the register referred to in","discharge order","discharge_order",""
"","","","","qualifying debts","list_of_debts",""
"","","","","moratorium","adjudicating_authority_order",""
"","","","","debtor","official_correspondence",""
"","","","","liabilities","",""
"","","","","penalties","",""
"","","","","interest","",""
"","","","","Adjudicating Authority","",""
"","","","","Board","",""
"","","","","register","",""
"","","","","application","",""
"The Insolvency And Bankruptcy Code, 2016","93","Standard of conduct","The resolution professional shall perform his functions and duties in compliance with the code of conduct provided under","resolution professional","company_policy",""
"","","","","code of conduct","regulatory_guidelines",""
"","","","","duties","",""
"","","","","functions","",""
"The Insolvency And Bankruptcy Code, 2016","94","Application by debtor to initiate insolvency resolution process","(1) A debtor who commits a default may apply, either personally or through a resolution professional, to the Adjudicating Authority for initiating the insolvency resolution process, by submitting an application. (2) Where the debtor is a partner of a firm, such debtor shall not apply under this Chapter to the Adjudicating Authority in respect of the firm unless all or a majority of the partners of the firm file the application jointly. (3) An application under sub -section ( 1) shall be submitted only in respect of debts which are not excluded debts. (4) A debtor shall not be entitled to make an application under sub -section ( 1) if he is — (a) an undischarged bankrupt; (b) undergoing a fresh start process; (c) undergoing an insolvency resolution process; or (d) undergoing a bankruptcy process. (5) A debtor shall not be eligible to apply under sub -section ( 1) if an application under this Chapter has been admitted in respect of the debtor during the period of twelve months preceding the date of submission of the application under this section. (6) The application referred to in sub -section ( 1) shall be in such form and manner and accompanied with such fee as may be prescribed.","debtor","insolvency_petition",""
"","","","","insolvency resolution process","debt_restructuring_plan",""
"","","","","application","legal_notice",""
"","","","","default","",""
"","","","","Adjudicating Authority","",""
"","","","","firm","",""
"","","","","partner","",""
"","","","","excluded debts","",""
"","","","","bankruptcy","",""
"","","","","resolution professional","",""
"The Insolvency And Bankruptcy Code, 2016","95","Application by creditor to initiate insolvency resolution process","(1) A creditor may apply either by himself, or jointly with other creditors, or through a resolution professional to the Adjudicating Authority for initiating an insolvency resolution process under this section by submitting an application. (2) A creditor may apply under sub -section ( 1) in relation to any partnership debt owed to him for initiating an insolvency resolution process against — (a) any one or more partners of the firm; or (b) the firm. (3) Where an application has been made against one partner in a firm, any other application against another partner in the same firm shall be presented in or transferred to the Adjudicating Authority in which the first mentioned application is pending for adjudication and such Adjudicating Authority may give such directions for consolidating the proceedings under the applications as it thinks just. (4) An application under sub -section ( 1) shall be accompanied with details and documents relating to— (a) the debts owed by the debtor to the creditor or creditors submitting the application for insolvency resolution process as on the date of application; (b) the failure by the debtor to pay the debt within a period of fourteen days of the service of the notice of demand; and (c) relevant evidence of such default or non -repayment of debt. (5) The creditor shall also provide a copy of the application made under sub -section ( 1) to the debtor. (6) The application referred to in sub -section ( 1) shall be in such form and manner and accompanied by such fee as may be prescribed. (7) The details and documents required to be submitted under sub -section ( 4) shall be such as may be specified.","creditor","insolvency_petition",""
"","","","","insolvency resolution process","debt_recovery_notice",""
"","","","","application","legal_notice",""
"","","","","debt","",""
"","","","","default","",""
"","","","","Adjudicating Authority","",""
"","","","","firm","",""
"","","","","partnership debt","",""
"","","","","notice of demand","",""
"","","","","resolution professional","",""
"The Insolvency And Bankruptcy Code, 2016","96","Interim moratorium","(1) When an application is filed under section 94 or section 95 — (a) an interim -moratorium shall commence on the date of the application in relation to all the debts and shall cease to have effect on the date of admission of such application; and (b) during the interim -moratorium period — (i) any legal action or proceeding pending in respect of any debt shall be deemed to have been stayed; and (ii) the creditors of the debtor shall not initiate any legal action or proceedings in respect of any debt. (2) Where the application has been made in relation to a firm, the interim -moratorium under sub-section ( 1) shall operate against all the partners of the firm as on the date of the application. (3) The provisions of sub -section ( 1) shall not apply to such transactions as may be notified by the Central Government in consultation with any financial sector regulator.","interim moratorium","court_order",""
"","","","","application","legal_notice",""
"","","","","debt","insolvency_petition",""
"","","","","legal action","",""
"","","","","proceedings stayed","",""
"","","","","creditors","",""
"","","","","debtor","",""
"","","","","firm","",""
"","","","","Central Government","",""
"","","","","financial sector regulator","",""
"The Insolvency And Bankruptcy Code, 2016","97","Appointment of resolution professional","(1) If the application under section 94 or 95 is filed through a resolution professional, the Adjudicating Authority shall direct the Board within seven days of the date of the application to confirm that there are no disciplinary proceedings pending against resolution professional. (2) The Board shall within seven days of receipt of directions under sub -section ( 1) communicate to the Adjudicating Authority in writing either — (a) confirming the appointment of the resolution professional; or (b) rejecting the appointment of the resolution professional and nominating another resolution professional for the insolvency resolution process. (3) Where an application under section 94 or 95 is filed by the debtor or the creditor himself, as the case may be, and not through the resolution professional, the Adjudicating Authority shall direct the Board, within seven days of the filing of such application, to nominate a resolution professional for the insolvency resolution process. (4) The Board shall nominate a resolution professional within ten days of receiving the direction issued by the Adjudicating Authority under sub -section ( 3). (5) The Adjudicating Authority shall by order appoint the resolution professional recommended under sub-section ( 2) or as nominated by the Board under sub -section ( 4). (6) A resolution professional appointed by the Adjudicating Authority under sub -section ( 5) shall be provided a copy of the application for insolvency resolution process.","resolution professional","court_order",""
"","","","","appointment","appointment_letter",""
"","","","","Adjudicating Authority","legal_notice",""
"","","","","Board","",""
"","","","","disciplinary proceedings","",""
"","","","","insolvency resolution process","",""
"","","","","debtor","",""
"","","","","creditor","",""
"","","","","nomination","",""
"The Insolvency And Bankruptcy Code, 2016","98","Replacement of resolution professional","(1) Where the debtor or the creditor is of the opinion that the resolution professional appointed under section 97 is required to be replaced, he may apply to the Adjudicating Authority for the replacement of such resolution professional. (2) The Adjudicating Authority shall within seven days of the receipt of the application under sub-section ( 1) make a reference to the Board for replacement of the resolution professional. (3) The Board shall, within ten days of the receipt of a reference from the Adjudicating Authority under sub -section ( 2), recommend the name of the resolution professional to the Adjudicating Authority against whom no disciplinary proceedings are pending. (4) Without prejudice to the provisions contained in sub -section ( 1), the creditors may apply to the Adjudicating Authority for replacement of the resolution professional where it has been decided in the meeting of the creditors, to replace the resolution professional with a new resolution professional for implementation of the repayment plan. (5) Where the Adjudicating Authority admits an application made under sub -section ( 1) or sub-section ( 4), it shall direct the Board to confirm that there are no disciplinary proceedings pending against the proposed resolution professional. (6) The Board shall send a communication within ten days of receipt of the direction under sub-section ( 5) either — (a) confirming appointment of the nominated resolution professional; or (b) rejecting appointment of the nominated resolution professional and recommend a new resolution professional. (7) On the basis of the communication of the Board under sub -section ( 3) or sub -section ( 6), the Adjudicating Authority shall pass an order appointing a new resolution professional. (8) The Adjudicating Authority may give directions to the resolution professional replaced under sub-section ( 7)— (a) to share all information with the new resolution professional in respect of the insolvency resolution process; and (b) to co -operate with the new resolution professional in such matters as may be required.","resolution professional","court_order",""
"","","","","replacement","legal_notice",""
"","","","","debtor","appointment_letter",""
"","","","","creditor","",""
"","","","","Adjudicating Authority","",""
"","","","","Board","",""
"","","","","disciplinary proceedings","",""
"","","","","repayment plan","",""
"","","","","insolvency resolution process","",""
"The Insolvency And Bankruptcy Code, 2016","99","Submission of report by resolution professional","(1) The resolution professional shall examine the application referred to in s","resolution professional","","insolvency_report"
"","","","","report","",""
"","","","","application","",""
"","","","","examination","",""
"The Insolvency And Bankruptcy Code, 2016","99","Submission of report by resolution professional.","(1) The resolution professional shall examine the application referred to in section 94 or section 95, as the case may be, within ten days of his appointment, and submit a report to the Adjudicating Authority recommending for approval or rejection of the application.  
(2) Where the application has been filed under section 95, the resolution professional may require the debtor to prove repayment of the debt claimed as unpaid by the creditor by furnishing — 
(a) evidence of electronic transfer of the unpaid amount from the bank account of the debtor;  
(b) evidence of encashment of a cheque issued by the debtor; or  
(c) a signed acknowledgment by the creditor accepting receipt of dues.  
(3) Where the debt for which an application has been filed by a creditor is registered with the information utility, the debtor shall not be entitled to dispute the validity of such debt.  
(4) For the purposes of examining an application, the resolution professional may seek such further information or explanation in connection with the application as may be required from the debtor or the creditor or any other person who, in the opinion of the resolution professional, may provide such information.  
(5) The person from whom information or explanation is sought under sub-section (4) shall furnish such information or explanation within seven days of receipt of the request.  
(6) The resolution professional shall examine the application and ascertain that — 
(a) the application satisfies the requirements set out in section 94 or 95;  
(b) the applicant has provided information and given explanation sought by the resolution professional under sub-section (4). 
(7) After examination of the application under sub-section (6), he may recommend acceptance or rejection of the application in his report.  
(8) Where the resolution professional finds that the debtor is eligible for a fresh start under Chapter II, the resolution professional shall submit a report recommending that the application by the debtor under section 94 be treated as an application under section 81 by the Adjudicating Authority.  
(9) The resolution professional shall record the reasons for recommending the acceptance or rejection of the application in the report under sub-section (7). 
(10) The resolution professional shall give a copy of the report under sub-section (7) to the debtor or the creditor, as the case may be.","resolution professional","insolvency application",""
"","","","","debtor","resolution professional report",""
"","","","","creditor","debt repayment proof",""
"","","","","application","information utility record",""
"","","","","report","",""
"","","","","Adjudicating Authority","",""
"","","","","fresh start","",""
"","","","","debt repayment","",""
"","","","","information utility","",""
"","","","","debt dispute","",""
"The Insolvency And Bankruptcy Code, 2016","100","Admission or rejection of application.","100. Admission or rejection of application .—(1) The Adjudicating Authority shall, within fourteen days from the date of submission of the report under section 99 pass an order either admitting or rejecting the application referred to in section 94 or 95, as the case may be.  
(2) Where the Adjudicating Authority admits an application under sub-section (1), it may, on the request of the resolution professional, issue instructions for the purpose of conducting negotiations between the debtor and creditors and for arriving at a repayment plan.  
(3) The Adjudicating Authority shall provide a copy of the order passed under sub-section (1) along with the report of the resolution professional and the application referred to in section 94 or 95, as the case may be, to the creditors within seven days from the date of the said order.  
(4) If the application referred to in section 94 or 95, as the case may be, is rejected by the Adjudicating Authority on the basis of report submitted by the resolution professional that the application was made with the intention to defraud his creditors or the resolution professional, the order under sub-section (1) shall record that the creditor is entitled to file for a bankruptcy order under Chapter IV.","Adjudicating Authority","insolvency application",""
"","","","","application admission","Adjudicating Authority order",""
"","","","","application rejection","resolution professional report",""
"","","","","resolution professional report","repayment plan",""
"","","","","repayment plan","",""
"","","","","debtor","",""
"","","","","creditor","",""
"","","","","bankruptcy order","",""
"","","","","fraud","",""
"The Insolvency And Bankruptcy Code, 2016","101","Moratorium.","101. Moratorium .—(1) When the application is admitted under section 100, a moratorium shall commence in relation to all the debts and shall cease to have effect at the end of the period of one hundred and eighty days beginning with the date of admission of the application or on the date the Adjudicating Authority passes an order on the repayment plan under section 114, whichever is earlier.  
(2) During the moratorium period — 
(a) any pending legal action or proceeding in respect of any debt shall be deemed to have been stayed;  
(b) the creditors shall not initiate any legal action or legal proceedings in respect of any debt; and  
(c) the debtor shall not transfer, alienate, encumber or dispose of any of his assets or his legal rights or beneficial interest therein;  
(3) Where an order admitting the application under section 96 has been made in relation to a firm, the moratorium under sub-section (1) shall operate against all the partners of the firm.  
(4) The provisions of this section shall not apply to such transactions as may be notified by the Central Government in consultation with any financial sector regulator.","moratorium","Adjudicating Authority order",""
"","","","","debt","legal notice",""
"","","","","application admission","demand letter",""
"","","","","Adjudicating Authority","agreement to sell/transfer",""
"","","","","repayment plan","",""
"","","","","legal action stay","",""
"","","","","creditor","",""
"","","","","debtor","",""
"","","","","asset transfer","",""
"","","","","firm","",""
"","","","","partners","",""
"","","","","Central Government","",""
"","","","","financial sector regulator","",""
"The Insolvency And Bankruptcy Code, 2016","102","Public notice and claims from creditors.","102. Public notice and claims from creditors .—(1) The Adjudicating Authority shall issue a public notice within seven days of passing the order under section 100 inviting claims from all creditors within twenty-one days of such issue.  
(2) The notice under sub-section (1) shall include — 
(a) details of the order admitting the application;  
(b) particulars of the resolution professional with whom the claims are to be registered; and  
(c) the last date for submission of claims.  
(3) The notice shall be — 
(a) published in at least one English and one vernacular newspaper which is in circulation in the state where the debtor resides;  
(b) affixed in the premises of the Adjudicating Authority; and  
(c) placed on the website of the Adjudicating Authority.","public notice","public notice",""
"","","","","creditor claims","Adjudicating Authority order",""
"","","","","Adjudicating Authority","claim form",""
"","","","","insolvency application","",""
"","","","","resolution professional","",""
"","","","","debtor","",""
"","","","","newspaper publication","",""
"","","","","website publication","",""
"The Insolvency And Bankruptcy Code, 2016","103","Registering of claims by creditors.","103. Registering of claims by creditors .—(1) The creditors shall register claims with the resolution professional by sending details of the claims by way of electronic communications or through courier, speed post or registered letter.  
(2) In addition to the claims referred to in sub-section (1), the creditor shall provide to the resolution professional, personal information and such particulars as may be prescribed.","creditor claims","claim form",""
"","","","","resolution professional","proof of debt",""
"","","","","electronic communication","creditor correspondence",""
"","","","","personal information","",""
"The Insolvency And Bankruptcy Code, 2016","104","Preparation of list of creditors.","104. Preparation of list of creditors .—(1) The resolution professional shall prepare a list of creditors on the basis of — 
(a) the information disclosed in the application filed by the debtor under section 94 or 95, as the case may be;  
(b) claims received by the resolution professional under section 102. (2) The resolution professional shall prepare the list mentioned in sub-section (1) within thirty days from the date of the notice.","list of creditors","list of creditors",""
"","","","","resolution professional","insolvency application",""
"","","","","debtor application","claim form",""
"","","","","creditor claims","resolution professional report",""
"","","","","information disclosure","",""
"The Insolvency And Bankruptcy Code, 2016","105","Repayment plan.","105. Repayment plan. —(1) The debtor shall prepare, in consultation with the resolution professional, a repayment plan containing a proposal to the creditors for restructuring of his debts or affairs.  
(2) The repayment plan may authorise or require the resolution professional to — 
(a) carry on the debtor’s business or trade on his behalf or in his name; or  
(b) realise the assets of the debtor; or  
(c) administer or dispose of any funds of the debtor.  
(3) The repayment plan shall include the following, namely: — 
(a) justification for preparation of such repayment plan and reasons on the basis of which the creditors may agree upon the plan;  
(b) provision for payment of fee to the resolution professional;  
(c) such other matters as may be specified.","repayment plan","repayment plan document",""
"","","","","debtor","proposal to creditors",""
"","","","","resolution professional","resolution professional report",""
"","","","","creditors","",""
"","","","","debt restructuring","",""
"","","","","business management","",""
"","","","","asset realisation","",""
"","","","","fund administration","",""
"","","","","professional fees","",""
"The Insolvency And Bankruptcy Code, 2016","106","Report of resolution professional on repayment plan.","106. Report of resolution professional on repayment plan .—(1) The resolution professional shall submit the repayment plan under section 105 along with his report on such plan to the Adjudicating Authority within a period of twenty-one days from the last date of submission of claims under","resolution professional report","resolution professional report",""
"","","","","repayment plan","repayment plan document",""
"","","","","Adjudicating Authority","",""
"","","","","claim submission deadline","",""
"The Insolvency And Bankruptcy Code, 2016","102","Report on Repayment Plan","(2) The report referred in sub -section ( 1) shall include that — 
(a) the repayment plan is in compliance with the provisions of any law for the time being in force;  
(b) the repayment plan has a reasonable prospect of being approved and implemented; and  
(c) there is a necessity of summoning a meeting of the creditors, if required, to consider the 
repayment plan:  
Provided that where the resolution professional recommends that a meeting of the creditors is not 
required to be summoned, reasons for the same shall be provided.  
(3) The report referred to in sub -section ( 2) shall also specify the date on which, and the time and 
place at which, the meeting should be held if he is of the opinion that a meeting of the creditors should be 
summoned.  
(4) For the purposes of sub -section ( 3)— 
(a) the date on which the meeting is to be held shall be not less than fourteen days and not more 
than twenty eight days from the date of submission of report under sub -section ( 1); 
(b) the resolution professional shall consider the convenience of cred itors in fixing the date and 
venue of the meeting of the creditors.","repayment plan","report_of_resolution_professional",""
"","","","","report","repayment_plan_document",""
"","","","","resolution professional","notice_of_meeting",""
"","","","","creditors meeting","",""
"","","","","compliance","",""
"","","","","approval","",""
"","","","","implementation","",""
"","","","","notice period","",""
"The Insolvency And Bankruptcy Code, 2016","107","Summoning of meeting of creditors","107. Summoning of meeting of creditors .—(1) The resolution professional shall issue a notice 
calling the meeting of the creditors at least fourteen days before the date fixed for such meet ing. 
(2) The resolution professional shall send the notice of the meeting to the list of creditors prepared 
under 
(3) The notice sent under sub -section ( 1) shall state the address of the Adjudicating Authority to 
which the repayment plan and r eport of the resolution professional on the repayment plan has been 
submitted and shall be accompanied by — 
(a) a copy of the repayment plan;  
(b) a copy of the statement of affairs of the debtor;  
(c) a copy of the said report of the resolution professional;  and 
(d) forms for proxy voting.  
(4) The proxy voting, including electronic proxy voting shall take place in such manner and form as 
may be specified.","creditors meeting","notice_of_meeting",""
"","","","","notice","repayment_plan_document",""
"","","","","resolution professional","report_of_resolution_professional",""
"","","","","repayment plan","statement_of_affairs",""
"","","","","Adjudicating Authority","proxy_form",""
"","","","","proxy voting","",""
"","","","","statement of affairs","",""
"The Insolvency And Bankruptcy Code, 2016","108","Conduct of meeting of creditors","108. Conduct of meeting of creditors .—(1) The meeting of the creditors shall be conducted in 
accordance w ith the provisions of this section and sections 109,110 and 111.  
(2) In the meeting of the creditors, the creditors may decide to approve, modify or reject the 
repayment plan.  
(3) The resolution professional shall ensure that if modifications are suggested by the creditors, 
consent of the debtor shall be obtained for each modification.  
(4) The resolution professional may for a sufficient cause adjourn the meeting of the creditors for a 
period of not more than seven days at a time.","creditors meeting","repayment_plan_document",""
"","","","","conduct","minutes_of_meeting",""
"","","","","repayment plan","",""
"","","","","approval","",""
"","","","","modification","",""
"","","","","rejection","",""
"","","","","debtor consent","",""
"","","","","adjournment","",""
"","","","","resolution professional","",""
"The Insolvency And Bankruptcy Code, 2016","109","Voting rights in meet ing of creditors","109. Voting rights in meet ing of creditors .—(1) A creditor shall be entitled to vote at every meeting 
of the creditors in respect of the repayment plan in accordance with the voting share assigned to him.  
(2) The resolution professional shall determine the voting share to be assign ed to each creditor in the 
manner specified by the Board.  
(3) A creditor shall not be entitled to vote in respect of a debt for an unliquidated amount.  
(4) A creditor shall not be entitled to vote in a meeting of the creditors if he — 
(a) is not a creditor mentioned in the list of creditors under section 104; or  
(b) is an associate of the debtor.","voting rights","list_of_creditors",""
"","","","","creditors meeting","repayment_plan_document",""
"","","","","repayment plan","voting_record",""
"","","","","voting share","",""
"","","","","resolution professional","",""
"","","","","unliquidated debt","",""
"","","","","list of creditors","",""
"","","","","debtor associate","",""
"The Insolvency And Bankruptcy Code, 2016","110","Rights of secured creditors in relation to repayment plan","110. Rights of secured creditors in relation to repayment plan .—(1) Secured creditors shall be 
entitled to participate and vote in the meetings of the creditors.  
(2) A secured creditor participating in the meetings of the creditors and voting in relation to the 
repayment plan shall forfeit his right to enforce the security during the period of the repayment plan in 
accordance with the terms of the repayment plan.  
(3) Where a secured creditor does not forfeit his right to enforce security, he shall submit an affidavit 
to the resolution professional at the meeting of the creditors stating — 
(a) that the right to vote exercised by the secured creditor is only in respect o f the unsecured part 
of the debt; and  
(b) the estimated value of the unsecured part of the debt.  
(4) In case a secured creditor participates in the voting on the repayment plan by submitting an 
affidavit under sub -section ( 3), the secured and unsecured par ts of the debt shall be treated as separate 
debts.  
(5) The concurrence of the secured creditor shall be obtained if he does not participate in the voting 
on repayment plan but provision of the repayment plan affects his right to enforce security.  
Explanat ion.—For the purposes of this section, “period of the repayment plan ” means the period from 
the date of the order passed under section 114 till the date on which the notice is given by the resolution 
professional under section 117 or report submitted by th e resolution professional under section 118, as the 
case may be.","secured creditors","affidavit",""
"","","","","voting rights","repayment_plan_document",""
"","","","","repayment plan","voting_record",""
"","","","","enforce security","order_of_adjudicating_authority",""
"","","","","forfeit rights","notice_of_repayment_plan_completion",""
"","","","","affidavit","",""
"","","","","unsecured debt","",""
"","","","","debt valuation","",""
"","","","","resolution professional","",""
"","","","","concurrence","",""
"The Insolvency And Bankruptcy Code, 2016","111","Approval of repayment plan by creditors","111. Approval of repayment plan by creditors .—The repayment plan or any modification to the 
repayment plan shall be approved by a majority of more than three -fourth in value of the creditors present 
in person or by proxy and voting on the resolution in a meeting of the creditors.","repayment plan","repayment_plan_document",""
"","","","","approval","minutes_of_meeting",""
"","","","","creditors meeting","voting_record",""
"","","","","majority vote","",""
"","","","","proxy voting","",""
"","","","","resolution","",""
"The Insolvency And Bankruptcy Code, 2016","112","Report of meeting of creditors on repayment plan","112. Report of meeting of creditors on repayment plan .—(1) The resolution professional shall 
prepare a report of the meeting of the creditors on repayment plan.  
(2) The report under sub -section ( 1) shall contain — 
(a) whether the repayment plan was approved or rejected and if approved, the list the 
modifications, if any;  
(b) the resolutions which were proposed at the meeting and the decision on such resolutions;  
(c) list of the creditors who were present or represented at the meeting, and the voting records of 
each creditor for all meetings of the creditors; and  
(d) such other information as the resolution professional thinks appropriate to make known to the 
Adjudicating Authority.","report","report_of_resolution_professional",""
"","","","","creditors meeting","minutes_of_meeting",""
"","","","","repayment plan","repayment_plan_document",""
"","","","","approval","voting_record",""
"","","","","rejection","list_of_creditors",""
"","","","","modifications","",""
"","","","","resolutions","",""
"","","","","voting records","",""
"","","","","list of creditors","",""
"","","","","resolution professional","",""
"","","","","Adjudicating Authority","",""
"The Insolvency And Bankruptcy Code, 2016","113","Notice of decisions taken at meeting of creditors","113. Notice of decisions taken at meeting of creditors .—The resolution professional shall provide a 
copy of the report of the meeting of creditors prepared under section 99 to — 
(a) the debtor;  
(b) the creditors, including those who were not pre sent at the meeting; and  
(c) the Adjudicating Authority.","notice","notice_of_decision",""
"","","","","decisions","report_of_resolution_professional",""
"","","","","creditors meeting","minutes_of_meeting",""
"","","","","report","",""
"","","","","debtor","",""
"","","","","creditors","",""
"","","","","Adjudicating Authority","",""
"","","","","resolution professional","",""
"The Insolvency And Bankruptcy Code, 2016","114","Order of Adjudicating Authority on repayment plan","114. Order of Adjudicating Authority on repayment plan .—(1) The Adjudicating Authority shall 
by an order approve or reject the repayment plan on the basis of the report of the meeting of the creditor s 
submitted by the resolution professional under","Adjudicating Authority","order_of_adjudicating_authority",""
"","","","","order","repayment_plan_document",""
"","","","","repayment plan","report_of_resolution_professional",""
"","","","","approval","",""
"","","","","rejection","",""
"","","","","report","",""
"","","","","creditors meeting","",""
"","","","","resolution professional","",""
"The Insolvency And Bankruptcy Code, 2016","112","Order of Adjudicating Authority on Repayment Plan","Provided that where a meeting of creditors is not summoned, the Adjudicating Authority shall pass an order on the basis of the report prepared by the resolution professional under section 106. (2) The order of the Adjudicating Authority approving the repayment plan may also provide for directions for implementing the repayment plan. (3) Where the Adjudicating Authority is of the opinion that the repayment plan requires modification, it may direct the resolution professional to re -convene a meeting of the creditors for reconsidering the repayment plan.","adjudicating authority","repayment_plan",""
"","","","","repayment plan","creditors_meeting_minutes",""
"","","","","resolution professional","resolution_professional_report",""
"","","","","creditors meeting","adjudicating_authority_order",""
"","","","","order","",""
"","","","","modification","",""
"","","","","directions","",""
"The Insolvency And Bankruptcy Code, 2016","115","Effect of order of Adjudicating Authority on repayment plan","Effect of order of Adjudicating Authority on repayment plan .—(1) Where the Adjudicating Authority has approved the repayment plan under section 114, such repayment plan shall — (a) take effect as if proposed by the debtor in the meeting; and (b) be binding on creditors mentioned in the repayment plan and the debtor. (2) Where the Adjudicating Authority rejects the repayment plan under section 114, the debtor and the creditors shall be entitled to file an application for bankruptcy under Chapter IV. (3) A copy of the order passed by the Adjudicating Authority under sub -section ( 2) shall be provided to the Board, for the purpose of recording an entry in the register referred to in section 196.","adjudicating authority","repayment_plan",""
"","","","","repayment plan","adjudicating_authority_order",""
"","","","","approval","bankruptcy_application",""
"","","","","rejection","",""
"","","","","binding","",""
"","","","","creditors","",""
"","","","","debtor","",""
"","","","","bankruptcy","",""
"","","","","board","",""
"","","","","register","",""
"The Insolvency And Bankruptcy Code, 2016","116","Implementation and supervision of repayment plan","Implementation and supervision of repayment plan .—(1) The resolution professional appointed under section 97 or under section 98 shall supervise the implementation of the repayment plan. (2) The resolution professional may apply to the Adjudicating Authority for directions, if necessary, in relation to any particular matter arising under the repayment plan. (3) The Adjudicating Authority may issue directions to the resolution professional on the basis of an application under sub -section ( 2).","repayment plan","repayment_plan",""
"","","","","implementation","resolution_professional_report",""
"","","","","supervision","application_to_adjudicating_authority",""
"","","","","resolution professional","adjudicating_authority_order",""
"","","","","adjudicating authority","",""
"","","","","directions","",""
"","","","","application","",""
"The Insolvency And Bankruptcy Code, 2016","117","Completion of repayment plan","Completion of repayment plan .—(1) The resolution professional shall within fourteen days of the completion of the repayment plan, forward to the persons who are bound by the repayment plan under section 115 and the A djudicating Authority, the following documents, namely: — (a) a notice that the repayment plan has been fully implemented; and (b) a copy of a report by the resolution professional summarising all receipts and payments made in pursuance of the repayment pla n and extent of the implementation of such plan as compared with the repayment plan approved by the meeting of the creditors. (2) The resolution professional may apply to the Adjudicating Authority to extend the time mentioned in sub -section ( 1) for such f urther period not exceeding seven days.","repayment plan","repayment_plan",""
"","","","","completion","notice_of_completion",""
"","","","","resolution professional","resolution_professional_report",""
"","","","","adjudicating authority","application_for_extension",""
"","","","","notice","",""
"","","","","report","",""
"","","","","receipts","",""
"","","","","payments","",""
"","","","","implementation","",""
"","","","","extension of time","",""
"The Insolvency And Bankruptcy Code, 2016","118","Repayment plan coming to end prematurely","Repayment plan coming to end prematurely .—(1) A repayment plan shall be deemed to have come to an end prematurely if it has not been fully implemented in respect of all persons bound by it within the period as m entioned in the repayment plan. (2) Where a repayment plan comes to an end prematurely under this section, the resolution professional shall submit a report to the Adjudicating Authority which shall state — (a) the receipts and payments made in pursuance o f the repayment plan; (b) the reasons for premature end of the repayment plan; and (c) the details of the creditors whose claims have not been fully satisfied. (3) The Adjudicating Authority shall pass an order on the basis of the report submitted under sub-section (2) by the resolution professional that the repayment plan has not been completely implemented. (4) The debtor or the creditor, whose claims under repayment plan have not been fully satisfied, shall be entitled to apply for a bankruptcy order under Chapter IV. (5) The Adjudicating Authority shall forward to the persons bound by the repayment plan under section 115, a copy of the — (a) report submitted by the resolution professional to the Adjudicating Authority under sub-section (2); and (b) order passed by the Adjudicating Authority under sub -section ( 3). (6) The Adjudicating Authority shall forward a copy of the order passed under sub -section ( 4) to the Board, for the purpose of recording entries in the register referred to in","repayment plan","repayment_plan",""
"","","","","premature end","resolution_professional_report",""
"","","","","implementation failure","adjudicating_authority_order",""
"","","","","resolution professional","bankruptcy_application",""
"","","","","adjudicating authority","",""
"","","","","report","",""
"","","","","receipts","",""
"","","","","payments","",""
"","","","","reasons","",""
"","","","","unsatisfied claims","",""
"","","","","bankruptcy application","",""
"","","","","order","",""
"","","","","board","",""
"","","","","register","",""
"The Insolvency And Bankruptcy Code, 2016","119","Discharge order","(1) On the basis of the repayment plan, the resolution professional shall apply to the Adjudicating Authority for a discharge order in relation to the debts mentioned in the repayment plan and the Adjudicating Authorit y may pass such discharge order. (2) The repayment plan may provide for — (a) early discharge; or (b) discharge on complete implementation of the repayment plan. (3) The discharge order shall be forwarded to the Board, for the purpose of recording entries i n the register referred to in(4) The discharge order under sub -section ( 3) shall not discharge any other person from any liability in respect of his debt.","repayment plan","insolvency_petition",""
"","","","","discharge order","repayment_plan",""
"","","","","resolution professional","debt_restructuring_agreement",""
"","","","","debts","financial_statements",""
"","","","","Adjudicating Authority","legal_notice",""
"","","","","early discharge","",""
"","","","","implementation","",""
"","","","","Board","",""
"","","","","register","",""
"","","","","liability","",""
"The Insolvency And Bankruptcy Code, 2016","120","Standard of conduct","The resolution professional shall perform his functions and d uties in compliance with the code of conduct provided under","resolution professional","company_policy",""
"","","","","conduct","code_of_conduct",""
"","","","","duties","appointment_letter",""
"","","","","functions","service_agreement",""
"","","","","code of conduct","insolvency_resolution_plan",""
"","","","","compliance","",""
"The Insolvency And Bankruptcy Code, 2016","121","Application for bankruptcy","(1) An application for bankruptcy of a debtor may be made, by a creditor individuall y or jointly with other creditors or by a debtor, to the Adjudicating Authority in the following circumstances, namely; — (a) where an order has been passed by an Adjudicating Authority under sub -section 4 of section 100; or (b) where an order ha s been passed by an Adjudicating Authority under sub -section 2 of section 115; or (c) where an order has been passed by an Adjudicating Authority under sub -section 3 of","bankruptcy","bankruptcy_petition",""
"","","","","application","insolvency_petition",""
"","","","","debtor","debt_recovery_notice",""
"","","","","creditor","financial_statements",""
"","","","","Adjudicating Authority","affidavit",""
"","","","","order","",""
"","","","","section 100","",""
"","","","","section 115","",""
"The Insolvency And Bankruptcy Code, 2016","118","Application for Bankruptcy Procedures and Debtor Firm","(2) An application for bankruptcy shall be filed with in a period of three  months of the date of the 
order passed by the Adjudicating Authority under the sections referred to in sub -section ( 1). 
(3) Where the debtor is a firm, the application under sub -section ( 1) may be filed by any of its 
partners.","bankruptcy application","bankruptcy application",""
"","","","","Adjudicating Authority","order of Adjudicating Authority",""
"","","","","time limit","",""
"","","","","debtor firm","",""
"","","","","partners","",""
"","","","","sub-section (1)","",""
"The Insolvency And Bankruptcy Code, 2016","122","Application by debtor","Application by debtor .—(1) The application for bankruptcy by the debtor shall be accompanied 
by— 
(a) the records of insolvency resolution process undertaken under Chapter III of Part III;  
(b) the statement of affairs of the debtor in such form and manner as m ay be prescribed, on the 
date of the application for bankruptcy; and  
(c) a copy of the order passed by the Adjudicating Authority under Chapter III of Part III 
permitting the debtor to apply for bankruptcy.  
(2) The debtor may propose an insolvency professi onal as the bankruptcy trustee in the application for 
bankruptcy.  
(3) The application referred to in sub -section ( 1) shall be in such form and manner and accompanied 
by such fee as may be prescribed.  
(4) An application for bankruptcy by the debtor shall no t be withdrawn without the leave of the 
Adjudicating Authority.","debtor application","bankruptcy application",""
"","","","","bankruptcy application","application form",""
"","","","","insolvency resolution process records","statement of affairs",""
"","","","","statement of affairs","order of Adjudicating Authority",""
"","","","","Adjudicating Authority order","records of insolvency resolution process",""
"","","","","Chapter III","",""
"","","","","Part III","",""
"","","","","insolvency professional","",""
"","","","","bankruptcy trustee","",""
"","","","","application form","",""
"","","","","fee","",""
"","","","","withdrawal of application","",""
"The Insolvency And Bankruptcy Code, 2016","123","Application by creditor","Application by creditor .—(1) The application for bankruptcy by the creditor shall be 
accompanied by — 
(a) the records of insolvency resolution process under taken under Chapter III;  
(b) a c opy of the order passed by the Adjudicating Authority under Chapter III permitting the 
creditor to apply for bankruptcy;  
(c) details of the debts owed by the debtor to the creditor as on the date of the application for 
bankr uptcy; and  
(d) such other in form ation as may be prescribed.  
(2) An application under sub -section ( 1) made in respect of a debt which is secured, shall be 
accompanied with — 
(a) a statement by the creditor having the right to enforce the security that he shall, in the event  
of a bankruptc y order being made, give up his security for the benefit of all the creditors of the 
bankrupt; or  
(b) a statement by the creditor stating — 
(i) that the application for bankruptcy is only in respect of the unsecured part of the debt; and  
(ii) an estimated value of the unsecured part of the debt.  
(3) If a secured creditor makes an application for bankruptcy and submits a statement under clause ( b) 
of sub -section ( 2), the secured and unsecured parts of the debt shall be treated as separate debts.  
(4) The cred itor may propose an insolvency professional as the bankruptcy trustee in the application 
for bankruptcy.  
(5) An application for bankruptcy under sub -section ( 1), in case of a deceased debtor, may be filed 
against his legal representatives.  
(6) The applicat ion for bankruptcy shall be in such form and manner and accompanied by such fee as 
may be prescribed.  
(7) An application for bankruptcy by the creditor shall not be withdrawn without the permission of 
the Adjudicating Authority.","creditor application","bankruptcy application",""
"","","","","bankruptcy application","application form",""
"","","","","insolvency resolution process records","records of insolvency resolution process",""
"","","","","Adjudicating Authority order","order of Adjudicating Authority",""
"","","","","Chapter III","statement of debt",""
"","","","","debt details","security statement",""
"","","","","secured debt","",""
"","","","","unsecured debt","",""
"","","","","security statement","",""
"","","","","insolvency professional","",""
"","","","","bankruptcy trustee","",""
"","","","","deceased debtor","",""
"","","","","legal representatives","",""
"","","","","application form","",""
"","","","","fee","",""
"","","","","withdrawal of application","",""
"The Insolvency And Bankruptcy Code, 2016","124","Effect of application","Effect of application .—(1) When an appl ication is filed under section 122 or section 123,— 
(a) an interim -moratorium shall commence on the date of the making of the application on all 
actions against the properties of the debtor in respect of his debts and such moratorium shall  cease to 
have effect on the bankruptcy commencement date; and  
(b) during  the interim -moratorium period — 
(i) any pending legal action or legal proceeding against any property of the debtor in respect 
of any of his debts shall be deemed to have been stayed;  
(ii) the creditors of the debtor shall not be entitled to initiate any legal action or legal 
proceedings against any property of the debtor in respect of any of his debts.  
(2) Where the application has been made in relation to a firm, the interim -morator ium under          
sub-section ( 1) shall operate against all the partners of the firm as on the date of the making of the 
application.  
(3) The provisions of this section shall not apply to such transactions as may be notified 
 by the 
Central Government in consultation with any financial sector regulator.","effect of application","bankruptcy application",""
"","","","","interim moratorium","interim moratorium order",""
"","","","","debtor properties","notification by Central Government",""
"","","","","debt","",""
"","","","","bankruptcy commencement date","",""
"","","","","stay of legal actions","",""
"","","","","legal proceedings","",""
"","","","","debtor firm","",""
"","","","","partners","",""
"","","","","Central Government notification","",""
"","","","","financial sector regulator","",""
"The Insolvency And Bankruptcy Code, 2016","125","Appointment of insolvency professional as bankruptcy trustee","Appointment of insolvency professional as bankruptcy trustee .—(1) If an insolvency 
professional is proposed as the bankruptcy trustee in the application for bankruptcy under section 122 or 
section 123,  the Adjudicating Authority shall direct the Board within seven days of receiving the 
application for bankruptcy to confirm that there are no disciplinary proceedings pending against such 
professional.  
(2) The Board shall within ten days of the receipt of the direction under sub -section ( 1) in writing 
either — 
(a) confirm the appointment of the proposed insolvency professional as the bankruptcy trustee for 
the bankruptcy process; or  
(b) reject the appointment of the proposed insolvency professional as the ba nkruptcy trustee and 
nominate another bankruptcy trustee for the bankruptcy process.  
(3) Where a bankruptcy trustee is not proposed by the debtor or creditor under section 122 or 123, the 
Adjudicating Authority shall direct the Board within seven days of r eceiving the application to nominate a 
bankruptcy trustee for the bankruptcy process.  
(4) The Board shall nominate a bankruptcy trustee within ten days of receiving the direction of the 
Adjudicating Authority under sub -section ( 3). 
(5) The bankruptcy trust ee confirmed or nominated under this section shall be appointed as the 
bankruptcy trustee by the Adjudicating Authority in the bankruptcy order under section 126.","insolvency professional","bankruptcy application",""
"","","","","bankruptcy trustee","order of Adjudicating Authority",""
"","","","","appointment","confirmation letter",""
"","","","","Adjudicating Authority","nomination letter",""
"","","","","Board","",""
"","","","","disciplinary proceedings","",""
"","","","","confirmation of appointment","",""
"","","","","rejection of appointment","",""
"","","","","nomination","",""
"","","","","bankruptcy order","",""
"","","","","debtor","",""
"","","","","creditor","",""
"The Insolvency And Bankruptcy Code, 2016","126","Bankruptcy order","126. Bankruptcy order .—(1) The Adjudicating Authority shall pass a bankruptcy order within 
fourteen days of receiving the confirmation or nomination of the bankruptcy trustee under section 126.","bankruptcy order","","bankruptcy order"
"","","","","Adjudicating Authority","",""
"","","","","confirmation","",""
"","","","","nomination","",""
"","","","","bankruptcy trustee","",""
"","","","","time limit","",""
"The Insolvency And Bankruptcy Code, 2016","125(2)","Provision of documents relating to bankruptcy order","The Adjudicating Authority shall provide the following documents to bankrupt, creditors and the bankruptcy trustee within seven days of the passing of the bankruptcy order, namely: — (a) a copy of the application for bankruptcy; and (b) a copy of the bankruptcy order.","Adjudicating Authority","bankruptcy order",""
"","","","","bankrupt","application for bankruptcy",""
"","","","","creditors","",""
"","","","","bankruptcy trustee","",""
"","","","","bankruptcy order","",""
"","","","","application for bankruptcy","",""
"","","","","documents","",""
"The Insolvency And Bankruptcy Code, 2016","127","Validity of bankruptcy order","Validity of bankruptcy order .—The bankruptcy order passed by the Adjudicating Authority under section 126 shall continue to have effec t till the debtor is discharged under section 138.","bankruptcy order","","bankruptcy order"
"","","","","validity","",""
"","","","","Adjudicating Authority","",""
"","","","","debtor","",""
"","","","","discharge","",""
"The Insolvency And Bankruptcy Code, 2016","128","Effect of bankruptcy order","Effect of bankruptcy order .—(1) On the passing of the bankruptcy order under section 126, — (a) the estate of the bankrupt shall vest in the bankruptcy trustee as provided in section 154; (b) the estat e of the bankrupt shall be divided among his creditors; (c) subject to provisions of sub -section ( 2), a creditor of the bankrupt indebted in respect of any debt claimed as a bankruptcy debt shall not — 81 (i) initiate any action against the property of the ban krupt in respect of such debt; or (ii) commence any suit or other legal proceedings except with the leave of the Adjudicating Authority and on such terms as the Adjudicating Authority may impose. (2) Subject to the provisions of section 123, the bankruptcy order shall not affect the right of any secured creditor to realise or otherwise deal with his security interest in the same manner as he would have been entitled if the bankruptcy order had not been passed: Provided that no secured creditor shall be enti tled to any interest in respect of his debt after the bankruptcy commencement date if he does not take any action to realise his security within thirty days from the said date. (3) Where a bankruptcy order under section 126 has been passed against a firm, the order shall operate as if it were a bankruptcy order made against each of the individuals who, on the date of the order, is a partner in the firm. (4) The provisions of sub -section ( 1) shall not apply to such transactions as may be notified by the Cent ral Government in consultation with any financial sector regulator.","bankruptcy order","bankruptcy order",""
"","","","","effect","legal notice",""
"","","","","estate","security interest agreement",""
"","","","","bankrupt","firm partnership agreement",""
"","","","","bankruptcy trustee","",""
"","","","","creditors","",""
"","","","","bankruptcy debt","",""
"","","","","legal proceedings","",""
"","","","","Adjudicating Authority","",""
"","","","","secured creditor","",""
"","","","","security interest","",""
"","","","","firm","",""
"","","","","partner","",""
"","","","","Central Government","",""
"","","","","financial sector regulator","",""
"The Insolvency And Bankruptcy Code, 2016","129","Statement of financial position","Statement of financial position .—(1) Where a bankruptcy order is passed on the application for bankruptcy by a creditor under section 123, the bankrupt shall submit his statement of f inancial position to the bankruptcy trustee within seven days from the bankruptcy commencement date. (2) The statement of financial position shall be submitted in such form and manner as may be prescribed. (3) Where the bankrupt is a firm, its partners on the date of the order shall submit a joint statement of financial position of the firm, and each partner of the firm shall submit a state ment of his financial position. (4) The bankruptcy trustee may require the bankrupt or any other person to submit in wr iting further information explaining or modifying any matter contained in the statement of financial position.","statement of financial position","statement of financial position",""
"","","","","bankruptcy order","bankruptcy order",""
"","","","","application for bankruptcy","application for bankruptcy",""
"","","","","creditor","",""
"","","","","bankrupt","",""
"","","","","bankruptcy trustee","",""
"","","","","bankruptcy commencement date","",""
"","","","","firm","",""
"","","","","partners","",""
"","","","","information","",""
"The Insolvency And Bankruptcy Code, 2016","130","Public notice inviting claims from creditors","Public notice inviting claims from creditors .—(1) The Adjudicating Authority shall — (a) send notices within ten days of the bankruptcy commencement date, to the creditors mentioned in — (i) the statement of affairs submitted by the bankrupt under section 129; or (ii) the application for bankruptcy submitted by the bankrupt under section 122. (b) issue a public notice inviting claims from creditors. (2) The public notice under clause ( b) of sub -section ( 1) shall include the last date up to which the claims shall be submitted and such other matters and details as may be prescribed and shall be — (a) published in leading newspapers, one in English and another in vernacular having sufficient circulation where the bankrupt resides; (b) affixed on the premises of the Adjudicating Authority; and (c) placed on the website of the Adjudicating Authority. (3) The notice to the creditors referred to under clause ( a) of sub -section ( 1) shall include such matters and details as may be prescribed.","public notice","public notice",""
"","","","","claims","notice to creditors",""
"","","","","creditors","statement of affairs",""
"","","","","Adjudicating Authority","application for bankruptcy",""
"","","","","notices","claim forms",""
"","","","","bankruptcy commencement date","",""
"","","","","statement of affairs","",""
"","","","","application for bankruptcy","",""
"","","","","publication","",""
"","","","","newspapers","",""
"","","","","website","",""
"The Insolvency And Bankruptcy Code, 2016","131","Registration of claims","Registration of claims .—(1) The creditors shall register claims with the bankruptcy trustee within seven days of the publication of the public notice, by sending d etails of the claims to the bankruptcy trustee in such manner as may be prescribed. (2) The creditor, in addition to the details of his claims, shall provide such other information and in such manner as may be prescribed.","registration","claim forms",""
"","","","","claims","public notice",""
"","","","","creditors","",""
"","","","","bankruptcy trustee","",""
"","","","","public notice","",""
"","","","","information","",""
"The Insolvency And Bankruptcy Code, 2016","132","Preparation of list of creditors","Preparation of list of credit ors.—The bankruptcy trustee shall, within fourteen days from the bankruptcy commencement date, prepare a list of creditors of the bankrupt on the basis of — (a) the information disclosed by the bankrupt in the application for bankruptcy filed by the bankrupt under section 118 and the statement of affairs filed under section 125; and (b) claims received by the bankruptcy trustee under sub -section ( 2) of","list of creditors","list of creditors",""
"","","","","bankruptcy trustee","application for bankruptcy",""
"","","","","bankruptcy commencement date","statement of affairs",""
"","","","","bankrupt","claim forms",""
"","","","","information","",""
"","","","","application for bankruptcy","",""
"","","","","statement of affairs","",""
"","","","","claims","",""
"The Insolvency And Bankruptcy Code, 2016","133","Summoning of meeting of creditors","(1) The bankruptcy trustee shall, within twenty -one days from the bankruptcy commencement date, issue a notice for calling a meeting of the creditors, to every creditor of the bankrupt as mentioned in the list prepared under section 132. (2) The b ankruptcy trustee shall decide the quorum for the meeting of the creditors, and conduct the meeting only if the quorum is present. (3) The following business shall be conducted in the meeting of the creditors in which regard a resolution may be passed, nam ely:— (a) the establishment of a committee of creditors; (b) any other business that the bankruptcy trustee thinks fit to be transacted. (4) The bankruptcy trustee shall cause the minutes of the meeting of the creditors to be recorded, signed and retained as a part of the rec ords of the bankruptcy process. (5) The bankruptcy trustee shall not adjourn the meeting of the creditors for any purpose for more than seven days at a time.","bankruptcy trustee","notice",""
"","","","","meeting of creditors","list of creditors",""
"","","","","notice","minutes of meeting",""
"","","","","bankruptcy commencement date","resolution",""
"","","","","creditor","",""
"","","","","bankrupt","",""
"","","","","list of creditors","",""
"","","","","quorum","",""
"","","","","committee of creditors","",""
"","","","","resolution","",""
"","","","","minutes of meeting","",""
"","","","","adjournment","",""
"The Insolvency And Bankruptcy Code, 2016","132","","(2) The notices issued under sub -section ( 1) shall — (a) state the date o f the meeting of the creditors, which shall not be later than twenty -one days from the bankruptcy commencement date; (b) be accompanied with forms of proxy voting; (c) specify the form and manner in which the proxy voting may take place. (3) The proxy voti ng, including electronic proxy voting shall take place in such manner and form as may be specified.","notice","notice",""
"","","","","proxy voting","proxy voting form",""
"","","","","meeting of creditors","",""
"","","","","bankruptcy commencement date","",""
"The Insolvency And Bankruptcy Code, 2016","134","Conduct of meeting of creditors","(1) The bankruptcy trustee shall be the convener of the meeting of the creditors summoned under","bankruptcy trustee","","minutes of meeting"
"","","","","meeting of creditors","",""
"","","","","convener","",""
"The Insolvency And Bankruptcy Code, 2016","135","Voting rights of creditors","(1) Every creditor mentioned in the list unde r section 132 or his proxy shall be entitled to vote in respect of the resolutions in the meeting of the creditors in accordance with the voting share assigned to him. (2) The resolution professional shall determine the voting share to be assigned to each creditor in the manner specified by the Board. (3) A creditor shall not be entitled to vote in respect of a debt for an unliquidated amount. (4) The following creditors shall not be entitled to vote under this section, namely: — 83 (a) creditors who are not me ntioned in the list of creditors under section 132 and those who have not been given a notice by the bankruptcy trustee; (b) creditors who are associates of the bankrupt.","creditor","list of creditors",""
"","","","","voting rights","proxy voting form",""
"","","","","proxy","resolution",""
"","","","","resolution","notice",""
"","","","","meeting of creditors","",""
"","","","","voting share","",""
"","","","","resolution professional","",""
"","","","","unliquidated debt","",""
"","","","","list of creditors","",""
"","","","","notice","",""
"","","","","bankruptcy trustee","",""
"","","","","associates of bankrupt","",""
"The Insolvency And Bankruptcy Code, 2016","136","Administration and distribution of estate of bankrupt","The bankruptcy trustee sh all conduct the administration and distribution of the estate of the bankrupt in accordance with the provisions of Chapter V.","bankruptcy trustee","administration plan",""
"","","","","administration","distribution plan",""
"","","","","distribution","",""
"","","","","estate of bankrupt","",""
"The Insolvency And Bankruptcy Code, 2016","137","Completion of administration","(1) The bankruptcy trustee shall convene a meeting of the committee of creditors on completion of the administration and distribution of the estate of the bankrupt in accordance with the provisions of Chapter V. (2) The bankruptcy trustee shall provide the committee of creditors with a report of the administration of the estate of the bankrupt in th e meeting of the said committee. (3) The committee of creditors shall approve the report submitted by the bankruptcy trustee under sub-section ( 2) within seven days of the receipt of the report and determine whether the bankruptcy trustee should be release d under","bankruptcy trustee","report of administration",""
"","","","","completion of administration","minutes of meeting",""
"","","","","distribution","committee of creditors resolution",""
"","","","","estate of bankrupt","",""
"","","","","committee of creditors","",""
"","","","","report of administration","",""
"","","","","approval","",""
"","","","","release","",""
"The Insolvency And Bankruptcy Code, 2016","148(4)","Retention of sums for meeting expenses","section 148. (4) The bankruptcy trustee shall retain sufficient sums from the estate of the bankrupt to meet the expenses of convening and conducting the meeting required under this section during the administration of the estate.","bankruptcy trustee","insolvency resolution plan",""
"","","","","bankrupt estate","bankruptcy petition",""
"","","","","expenses","financial statement",""
"","","","","meeting","",""
"","","","","administration of estate","",""
"The Insolvency And Bankruptcy Code, 2016","138","Discharge order","138. Discharge or der.—(1) The bankruptcy trustee shall apply to the Adjudicating Authority for a discharge order — (a) on the expiry of one year from the bankruptcy commencement date; or (b) within seven days of the approval of the committee of creditors of the completion o f administration of the estates of the bankrupt under section 137, where such approval is obtained prior to the period mentioned in clause ( a). (2) The Adjudicating Authority shall pass a discharge order on an application by the bankruptcy trustee under su b-section ( 1). (3) A copy of the discharge order shall be provided to the Board for the purpose of recording an entry in the register referred to in section 196.","discharge order","discharge application",""
"","","","","bankruptcy trustee","court order",""
"","","","","Adjudicating Authority","bankruptcy petition",""
"","","","","bankruptcy commencement date","insolvency resolution plan",""
"","","","","committee of creditors","",""
"","","","","administration of estates","",""
"","","","","Board","",""
"","","","","register","",""
"The Insolvency And Bankruptcy Code, 2016","139","Effect of discharge","139. Effect of discharge .—The discharge order under sub -section ( 2) of section 138 shall relea se the bankrupt from all the bankruptcy debt: Provided that discharge shall not — (a) affect the functions of the bankruptcy trustee; or (b) affect the operation of the provisions of Chapters IV and V of Part III; or (c) release the bankrupt from any debt i ncurred by means of fraud or breach of trust to which he was a party; or (d) discharge the bankrupt from any excluded debt.","discharge order","discharge order",""
"","","","","bankrupt","legal notice",""
"","","","","bankruptcy debt","bankruptcy petition",""
"","","","","bankruptcy trustee","",""
"","","","","fraud","",""
"","","","","breach of trust","",""
"","","","","excluded debt","",""
"The Insolvency And Bankruptcy Code, 2016","140","Disqualification of bankrupt","140. Disqualification of bankrupt .—(1) The bankrupt shall, from the bankruptcy commencement date, be subject to the disqualification s mentioned in this section. (2) In addition to any disqualification under any other law for the time being in force, a bankrupt shall be disqualified from — (a) being appointed or acting as a trustee or representative in respect of any trust, estate or settlement; 84 (b) being appointed or acting as a public servant; (c) being elected to any public office where the appointment to such office is by election; and (d) being elected or sitting or voting as a member of any local authority. (3) Any disqualification to which a bankrupt may be subject under this section shall cease to have effect, if — (a) the bankruptcy order against him is modified or recalled under section 142; or (b) he is discharged under section 138. Explanation .—For the purposes of this section, the term “public servant ” shall have the same meaning as assigned to it in section 21 of the Indian Penal Code (45 of 1860) .","bankrupt","legal notice",""
"","","","","disqualification","court order",""
"","","","","bankruptcy commencement date","bankruptcy petition",""
"","","","","trustee","appointment letter",""
"","","","","public servant","election nomination form",""
"","","","","public office","",""
"","","","","local authority","",""
"","","","","bankruptcy order","",""
"","","","","discharge","",""
"","","","","Indian Penal Code","",""
"The Insolvency And Bankruptcy Code, 2016","141","Restrictions on bankrupt","141. Restrictions on bankrupt .—(1) A bankrupt, from the bankruptcy commencement date, shall — (a) not act as a director of any compa ny, or directly or indirectly take part in or be concerned in the promotion, formation or management of a company; (b) without the previous sanction of the bankruptcy trustee, be prohibited from creating any charge on his estate or taking any further debt; (c) be required to inform his business partners that he is undergoing a bankruptcy process; (d) prior to entering into any financial or commercial transaction of such value as may be prescribed, either individually or jointly, inform all the parties invol ved in such transaction that he is undergoing a bankruptcy process; (e) without the previous sanction of the Adjudicating Authority, be incompetent to maintain any legal action or proceedings in relation to the bankruptcy debts; and (f) not be permitted to travel overseas without the permission of the Adjudicating Authority. (2) Any restriction to which a bankrupt may be subject under this section shall cease to have effect, if— (a) the bankruptcy order against him is modified or recalled under section 142; or (b) he is discharged under","bankrupt","legal notice",""
"","","","","restrictions","court order",""
"","","","","bankruptcy commencement date","bankruptcy petition",""
"","","","","director","business agreement",""
"","","","","company management","travel application",""
"","","","","charge creation","director's undertaking",""
"","","","","debt","",""
"","","","","business partners","",""
"","","","","financial transaction","",""
"","","","","legal action","",""
"","","","","travel overseas","",""
"","","","","Adjudicating Authority","",""
"","","","","bankruptcy order","",""
"","","","","discharge","",""
"The Insolvency And Bankruptcy Code, 2016","142","Modification or recall of bankruptcy order","142. Modification or recall of bankruptcy order .—(1) The Adjudicating Authority may, on an application or suo motu , modify or recall a bankruptcy order, whether or not the bankrupt is discharged, if it appears to the Adjudicating Authority that — 
(a) there exists an error apparent on the face of such order; or  
(b) both the bankruptcy debts and the expenses of the bankruptcy have, after the making of the bankruptcy order, either been paid for or secured to the satis faction of the Adjudicating Authority.  
(2) Where the Adjudicating Authority modifies or recalls the bankruptcy order under this section, any sale or other disposition of property, payment made or other things duly done by the bankruptcy trustee shall be va lid except that the property of the bankrupt shall vest in such person as the Adjudicating Authority may appoint or, in default of any such appointment, revert to the bankrupt on such terms as the Adjudicating Authority may direct.  
(3) A copy of the order passed by the Adjudicating Authority under sub -section ( 1) shall be provided to the Board, for the purpose of recording an entry in the register referred to in","bankruptcy","bankruptcy petition",""
"","","","","bankruptcy order","bankruptcy order",""
"","","","","Adjudicating Authority","application to Adjudicating Authority",""
"","","","","modify","order of Adjudicating Authority",""
"","","","","recall","property disposition documents",""
"","","","","error apparent","",""
"","","","","bankruptcy debts","",""
"","","","","expenses","",""
"","","","","bankruptcy trustee","",""
"","","","","property","",""
"","","","","vesting","",""
"","","","","Board","",""
"","","","","register","",""
"The Insolvency And Bankruptcy Code, 2016","143","Standard of conduct","143. Standard of conduct .—The bankruptcy trustee shall perform his functions and duties in compliance with the code of conduct  provided under","bankruptcy trustee","code of conduct for insolvency professionals",""
"","","","","standard of conduct","appointment letter of bankruptcy trustee",""
"","","","","duties","",""
"","","","","functions","",""
"","","","","code of conduct","",""
"The Insolvency And Bankruptcy Code, 2016","144","Fees of bankruptcy order","144. Fees of bankruptcy order .—(1) A bankruptcy trustee appointed for conducting the bankruptcy process shall charge such fees as may be specified in proportion to the value of the estate of the bankrupt.  
(2) The fees for the c onduct of the bankruptcy process shall be paid to the bankruptcy trustee from the distribution of the estate of the bankrupt in the manner provided in","bankruptcy trustee","bankruptcy order",""
"","","","","fees","fee regulations",""
"","","","","bankruptcy process","liquidation plan",""
"","","","","estate of the bankrupt","distribution statement",""
"","","","","value of estate","",""
"","","","","distribution","",""
"The Insolvency And Bankruptcy Code, 2016","145","Replacement of bankruptcy order","section 178. 145. Replacement of bankruptcy order .—(1) Where Committee of creditors is of the opinion tha t at 
any time during the bankruptcy process, a bankruptcy trustee appointed under section 125 is required to 
be replaced, it may replace him with another bankruptcy trustee in the manner provided under this 
section.  
(2) The Committee of creditors may, at a  meeting, by a vote of seventy -five per cent. of voting share, 
propose to replace the bankruptcy trustee appointed under section 125 with another bankruptcy trustee.  
(3) The Committee of creditors may apply to the Adjudicating Authority for the replacemen t of the 
bankruptcy trustee.  
(4) The Adjudicating Authority shall within seven days of the receipt of the application under sub -
section ( 3) direct the Board to recommend for replacement of bankruptcy trustee.  
(5) The Board shall, within ten days of the dir ection of the Adjudicating Authority under sub -section 
(4), recommend a bankruptcy trustee for replacement against whom no disciplinary proceedings are 
pending.  
(6) The Adjudicating Authority shall, by an order, appoint the bankruptcy trustee as recommende d by 
the Board under sub -section ( 5) within fourteen days of receiving such recommendation.  
(7) The earlier bankruptcy trustee shall deliver possession of the estate of the bankrupt to the 
bankruptcy trustee appointed under sub -section ( 6), on the date of his appointment.  
(8) The Adjudicating Authority may give directions to the earlier bankruptcy trustee — 
(a) to share all information with the new bankruptcy trustee in respect of the bankruptcy process; 
and  
(b) to co -operate with the new bankruptcy trustee  in such matters as may be required.  
(9) The earlier bankruptcy trustee replaced under this section shall be released in accordance with the 
provisions of

section 148. (10) The bankruptcy trustee appointed under this section shall give a notice of his appo intment to the 
bankrupt within seven days of his appointment.","bankruptcy trustee","committee resolution",""
"","","","","replacement","application to Adjudicating Authority",""
"","","","","Committee of creditors","Adjudicating Authority order",""
"","","","","Adjudicating Authority","Board recommendation",""
"","","","","Board","notice of appointment",""
"","","","","appointment","handover document",""
"","","","","bankruptcy process","official orders",""
"","","","","voting share","bankruptcy policy",""
"","","","","application","",""
"","","","","recommendation","",""
"","","","","possession","",""
"","","","","estate","",""
"","","","","information sharing","",""
"","","","","co-operation","",""
"","","","","notice of appointment","",""
"","","","","release","",""
"The Insolvency And Bankruptcy Code, 2016","146","Resignation by bankruptcy trustee","146. Resignation by bankruptcy trustee .—(1) A bankruptcy trustee may resign if — 
(a) he intends to cease practising as an insolvency professional; or  
(b) there is conflict of interest or change o f personal circumstances which preclude the further 
discharge of his duties as a bankruptcy trustee.  
(2) The Adjudicating Authority shall, within seven days of the acceptance of the resignation of the 
bankruptcy trustee, direct the Board for his replacemen t. 

86 (3) The  Board shall, within ten days of the direction of the Adjudicating Authority under               
sub-section ( 2) recommend another bankruptcy trustee as a replacement.  
(4) The Adjudicating Authority shall appoint the bankruptcy trustee recommende d by the Board 
under sub -section ( 3) within fourteen days of receiving the recommendation.  
(5) The replaced bankruptcy trustee shall deliver possession of the estate of the bankrupt to the 
bankruptcy trustee appointed under sub -section ( 4), on the date of his appointment.  
(6) The Adjudicating Authority may give directions to the bankr uptcy trustee who has resigned — 
(a) to share all information with the new bankruptcy trustee in respect of the bankruptcy process; 
and  
(b) to co -operate with the new bankruptc y trustee in such matters as may be required.  
(7) The bankruptcy trustee appointed under this section shall give a notice of his appointment to the 
committee of creditors and the bankrupt within seven days of his appointment.  
(8) The bankruptcy trustee rep laced under this section shall be released in accordance with the 
provisions of","bankruptcy trustee","resignation letter",""
"","","","","resignation","application to Adjudicating Authority",""
"","","","","insolvency professional","Adjudicating Authority order",""
"","","","","conflict of interest","Board recommendation",""
"","","","","personal circumstances","notice of appointment",""
"","","","","Adjudicating Authority","handover document",""
"","","","","Board","official orders",""
"","","","","replacement","",""
"","","","","recommendation","",""
"","","","","appointment","",""
"","","","","possession","",""
"","","","","estate","",""
"","","","","information sharing","",""
"","","","","co-operation","",""
"","","","","notice of appointment","",""
"","","","","committee of creditors","",""
"","","","","release","",""
"The Insolvency And Bankruptcy Code, 2016","147","Vacancy in office of bankruptcy trustee","section 148. 147. Vacancy in office of bankruptcy trustee .—(1) If a vacancy occurs in the office of the 
bankruptcy trustee for any reason other than his replacement or resignat ion, the vacancy shall be filled in 
accordance with the provisions of this section.  
(2) In the event of the occurrence of vacancy referred to in sub -section ( 1), the Adjudicating 
Authority shall direct the Board for replacement  of a bankruptcy trustee.  
(3) The Board shall, within ten days of the direction of the Adjudicating Authority under               
sub-section ( 2), recommend  a bankruptcy trustee as a replacement.  
(4) The Adjudicating Authority shall appoint the bankruptcy trustee recommended by the B oard 
under sub -section ( 3) within fourteen days of receiving the recommendation.  
(5) The earlier bankruptcy trustee shall deliver possession of the estate of the bankrupt to the 
bankruptcy trustee appointed under sub -section ( 4), on the date of his appoint ment.  
(6) The Adjudicating Authority may give directions to the bankruptcy trustee who has vacated the 
office — 
(a) to share all information with the new bankruptcy trustee in respect of the bankruptcy;  
(b) to co -operate with the new bankruptcy trustee in s uch matters as may be required.  
(7) The bankruptcy trustee appointed under sub -section ( 4) shall give a notice of his appointment to 
the committee of creditors and the bankrupt within seven days of his appointment.  
(8) The earlier bankruptcy trustee replac ed under this section shall be released in accordance with the 
provisions of","bankruptcy trustee","Adjudicating Authority order",""
"","","","","vacancy","Board recommendation",""
"","","","","replacement","notice of appointment",""
"","","","","resignation","handover document",""
"","","","","Adjudicating Authority","official orders",""
"","","","","Board","",""
"","","","","recommendation","",""
"","","","","appointment","",""
"","","","","possession","",""
"","","","","estate","",""
"","","","","information sharing","",""
"","","","","co-operation","",""
"","","","","notice of appointment","",""
"","","","","committee of creditors","",""
"","","","","release","",""
"The Insolvency And Bankruptcy Code, 2016","148","Release of bankruptcy trustee","Provided that this section shall not apply if the vacancy has occurred due to temporary illness or temporary leave of the bankruptcy trustee. 148. Release of bankruptcy trustee .—(1) A bankruptcy trustee shall be released from his office with effect from the date on which the Adjudicating Authority passes an order appointing a new bankruptcy trustee in the event of replacement, resignation or occurrence of vacancy under sections 145, 146 or section 147, as the case may be. 87 (2) Notwithstanding the release under sub -section ( 1), the bankruptcy trustee who has been so released, shall share all information with the new bankruptcy trustee in respect of the bankruptcy process and co -operate with the new bankruptcy trustee in such matters as may be required. (3) A bankruptcy trustee who has completed the administration of the bankruptcy process shall be released of his duties with effect from the date on which the committee of creditors approves the report of the bankruptcy trustee under","bankruptcy trustee","Adjudicating Authority order",""
"","","","","release","appointment letter (bankruptcy trustee)",""
"","","","","vacancy","resignation letter (bankruptcy trustee)",""
"","","","","temporary illness","committee of creditors resolution",""
"","","","","temporary leave","trustee report",""
"","","","","Adjudicating Authority","",""
"","","","","replacement","",""
"","","","","resignation","",""
"","","","","information sharing","",""
"","","","","cooperation","",""
"","","","","committee of creditors","",""
"","","","","administration","",""
"The Insolvency And Bankruptcy Code, 2016","149","Functions of bankruptcy trustee","149. Functions of bankruptcy trustee .—The bankruptcy trustee shall perform the following functions in accordance with the provisions of this Chapter — (a) investigate the affairs of the bankrupt; (b) realise the estate of the bankrupt; and (c) distribute the estate of the bankrupt.","bankruptcy trustee","trustee report",""
"","","","","functions","statement of affairs (bankrupt)",""
"","","","","investigate affairs","estate distribution plan",""
"","","","","realise estate","forensic audit report",""
"","","","","distribute estate","",""
"","","","","bankrupt","",""
"The Insolvency And Bankruptcy Code, 2016","150","Duties of bankrupt towards bankruptcy trustee","150. Duties of bankrupt towards bankruptcy trustee .—(1) The bankrupt shall assist the bankruptcy trustee in carrying out his functions under this Chapter by — (a) giving to the bankruptcy trustee the information of his affairs; (b) attending on the bankruptcy trustee at such times as may be required; (c) giving notice to the bankruptcy trustee of any of the following events which have occurred after the bankruptcy commencement date, — (i) acquisition of any property by the bankrupt; (ii) devolution of any property upon the bankrupt; (iii) increase in the income of the bankrupt; (d) doing all other things as may be prescribed. (2) The bankrupt shall give notice of the increase in income or acquisition or devolution of property under clause ( c) of sub -section ( 1) within seven days of such increase, acquisition or devolution. (3) The bankrupt shall continue to discharge the duties under sub -section ( 1) other than the duties under clause ( c) even after the discharge under","bankrupt","statement of affairs (bankrupt)",""
"","","","","duties","notice of acquisition",""
"","","","","bankruptcy trustee","notice of devolution",""
"","","","","assist","notice of income increase",""
"","","","","information","trustee report",""
"","","","","property acquisition","bankruptcy petition",""
"","","","","property devolution","",""
"","","","","income increase","",""
"","","","","notice","",""
"","","","","bankruptcy commencement date","",""
"","","","","seven days","",""
"The Insolvency And Bankruptcy Code, 2016","151","Rights of bankruptcy trustee","151. Rights of bankruptcy trustee. —For the purpose of performing his functions under this Chapter, the bankruptcy trustee may, by his official name — (a) hold property of every description; (b) make contracts; (c) sue and be sued; (d) enter into engagements in respect of the estate of the bankrupt; (e) employ persons to assist him; (f) execute any power of attorney, deed or other instrument; and (g) do any other act which is necessary or expedient for the purposes of or in connection with the exercise of his rights.","bankruptcy trustee","contracts",""
"","","","","rights","legal notices",""
"","","","","hold property","suit filings",""
"","","","","make contracts","power of attorney",""
"","","","","sue","employment agreements",""
"","","","","be sued","deeds",""
"","","","","engagements","bankruptcy petition",""
"","","","","employ persons","",""
"","","","","power of attorney","",""
"","","","","execute instrument","",""
"The Insolvency And Bankruptcy Code, 2016","152","General powers of bankruptcy trustee","152. General powers of bankruptcy trustee .—The bankruptcy trustee may while discharging his functions under this Chapter, — (a) sell any part of the estate of the bankrupt; (b) give receipts for any money received by him; (c) prove, rank, claim and draw a dividend in respect of such debts due to the bankrupt as are comprised in his estate; (d) where any property comprised in the estate of the bankrupt is held by any person by way of pledge or hypothecation, exercise the right of redemption in respect of any such property subject to the relevant contract by giving notice to the said person; (e) where any part of the estate of the bankrupt consists of securities in a company or any other property which is transferable in the books of a person, exercise the right to transfer the property to the same extent as the bankrupt might have exercised it if he had not become bankrupt; and (f) deal with any property comprised in the estate of the bankrupt to which the bankrupt is beneficially entitled in the same manner as he might have dealt with it.","bankruptcy trustee","sale agreements",""
"","","","","powers","receipts",""
"","","","","sell estate","dividend distribution plan",""
"","","","","receipts","pledge agreement",""
"","","","","prove debts","hypothecation agreement",""
"","","","","claim dividend","notice of redemption",""
"","","","","pledge","share transfer forms",""
"","","","","hypothecation","transfer deeds",""
"","","","","redemption","",""
"","","","","securities","",""
"","","","","transfer property","",""
"","","","","bankrupt estate","",""
"The Insolvency And Bankruptcy Code, 2016","153","Approval of creditors for certain acts","153. Approval of creditors for certain acts .—The bankruptcy trustee for the purposes of this Chapter may after procuring the approval of the committee of creditors, — (a) carry on any business of the bankrupt as far as may be necessary for winding it up beneficially; (b) bring, institute or defend any legal action or proceedings relating to the property comprised in the estate of the bankrupt; (c) accept as consideration for the sale of any property a sum of money due at a future time subject to certain stipulations such as security; (d) mortgage or pledge any property for the purpose of raising money for the payment of the debts of the bankrupt; (e) where any right, option or other power forms part of the estate of the bankrupt, make payments or incur liabilities with a view to obtaining, for the benefit of the creditors, any property which is the subject of such right, option or power; (f) refer to arbitration or compromise on such terms as may be agreed, any debts subsisting or supposed to subsist between the bankrupt and any person who may have incurred any liability to the bankrupt; (g) make compromise or other arrangement as may be considered expedient, with the creditors; (h) make compromise or other arrangement as he may deem expedient with respect to any claim arising out of or incidental to the bankrupt’s estate; (i) appoint the bankrupt to — (A) supervise the management of the estate of the bankrupt or any part of it; (B) carry on his business for the benefit of his creditors; (C) assist the bankruptcy trustee in administering the estate of the bankrupt.","bankruptcy trustee","committee of creditors resolution",""
"","","","","committee of creditors","minutes of meeting (CoC)",""
"","","","","approval","business plan",""
"","","","","business winding up","legal suit filings",""
"","","","","legal action","sale agreements",""
"","","","","sale consideration","mortgage deed",""
"","","","","mortgage","pledge agreement",""
"","","","","pledge","arbitration agreement",""
"","","","","arbitration","compromise agreement",""
"","","","","compromise","appointment letter (bankrupt for assistance)",""
"","","","","appoint bankrupt","",""
"","","","","debt settlement","",""
"","","","","creditors' benefit","",""
"The Insolvency And Bankruptcy Code, 2016","154","Vesting of estate of bankrupt in bankruptcy trustee","154. Vesting of estate of bankrupt in bankruptcy trustee .—(1) The estate of the bankrupt shall vest in the bankruptcy trustee immediately from the date of his appointment. (2) The vesting under sub -section ( 1) shall take effect without any conveyance, assignment or transfer.","estate of bankrupt","appointment letter (bankruptcy trustee)",""
"","","","","vesting","bankruptcy order",""
"","","","","bankruptcy trustee","Adjudicating Authority order",""
"","","","","appointment date","",""
"","","","","conveyance","",""
"","","","","assignment","",""
"","","","","transfer","",""
"","","","","legal effect","",""
"The Insolvency And Bankruptcy Code, 2016","155","Estate of bankrupt","155. Estate of bankrupt .—(1) The estate of the bankrupt shall include, — (a) all property belonging to or vested in the bankrupt at the bankruptcy commencement date; 89 (b) the capacity to exercise and to initiate proceedings for exercising all such powers in or over or in respect of property as might have been exercised by the bankrupt for his own benefit at the bankruptcy commencement date or before the date of the dischar","estate of bankrupt","statement of affairs (bankrupt)",""
"","","","","property","property schedule",""
"","","","","vested property","bankruptcy order",""
"","","","","bankruptcy commencement date","",""
"","","","","powers over property","",""
"","","","","bankrupt's benefit","",""
"The Insolvency And Bankruptcy Code, 2016","155","Estate of the bankrupt","ge order passed under section 138; and (c) all property which by virtue of any of the pro visions of this Chapter is comprised in the estate. (2) The estate of the bankrupt shall not include — (a) excluded assets; (b) property held by the bankrupt on trust for any other person; (c) all sums due to any workman or employee from the provident fund, the pension fund and the gratuity fund; and (d) such assets as may be notified by the Central Government in consultation with any financial sector regulator.","bankruptcy","bankruptcy_petition",""
"","","","","estate","financial_statements",""
"","","","","bankrupt","employee_benefits_plan",""
"","","","","excluded assets","company_policy",""
"","","","","property","",""
"","","","","provident fund","",""
"","","","","pension fund","",""
"","","","","gratuity fund","",""
"","","","","workman","",""
"","","","","employee","",""
"","","","","Central Government","",""
"","","","","financial sector regulator","",""
"The Insolvency And Bankruptcy Code, 2016","156","Delivery of property and documents to bankruptcy trustee","156. Delivery of property and documents to bankruptcy trustee .—The bankrupt, his banker or agent or any other person having possession of any property, books, papers or other records which bankruptcy trustee is required to take possession for the purposes of the bankruptcy process shall deliver the said property and documents to the bankruptcy trustee .","bankruptcy","bankruptcy_petition",""
"","","","","bankruptcy trustee","asset_schedule",""
"","","","","property","financial_records",""
"","","","","documents","legal_documents",""
"","","","","delivery","notice",""
"","","","","possession","",""
"","","","","records","",""
"","","","","bankrupt","",""
"","","","","banker","",""
"","","","","agent","",""
"The Insolvency And Bankruptcy Code, 2016","157","Acquisition of control by bankruptcy trustee","157. Acquisition of control by bankruptcy trustee .—(1) The bankruptcy trustee shall take possession and control of all property, books, papers and other records relating to the estate of the bankrupt or affairs of the bankrupt which belong to him or are in his p ossession or under his control. (2) Where any part of the estate of the bankrupt consists of things in actionable claims, they shall be deemed to have been assigned to the bankruptcy trustee without any notice of the assignment.","bankruptcy","bankruptcy_petition",""
"","","","","bankruptcy trustee","asset_schedule",""
"","","","","control","financial_records",""
"","","","","possession","legal_documents",""
"","","","","property","claim_documents",""
"","","","","records","",""
"","","","","estate","",""
"","","","","bankrupt","",""
"","","","","actionable claims","",""
"","","","","assignment","",""
"","","","","notice","",""
"The Insolvency And Bankruptcy Code, 2016","158","Restrictions on disposition of property","158. Restrictions o n disposition of property .—(1) Any disposition of property made by the debtor, during the period between the date of filing of the application for bankruptcy and the bankruptcy commencement date shall be void. (2) Any disposition of property made under sub -section ( 1) shall not give rise to any right against any person, in respect of such property, even if he has received such property before the bankruptcy commencement date in — (a) good faith; (b) for value; and (c) without notice of the filing of the appl ication for bankruptcy. (3) For the purposes of this section, the term “property ” means all the property of the debtor, whether or not it is comprised in the estate of the bankrupt, but shall not include property held by the debtor in trust for any other p erson.","bankruptcy","bankruptcy_petition",""
"","","","","disposition of property","property_sale_agreement",""
"","","","","debtor","transfer_deed",""
"","","","","void","financial_transactions",""
"","","","","bankruptcy commencement date","",""
"","","","","good faith","",""
"","","","","value","",""
"","","","","notice","",""
"","","","","application for bankruptcy","",""
"","","","","property definition","",""
"","","","","trust","",""
"The Insolvency And Bankruptcy Code, 2016","159","After-acquired property of bankrupt","159. After -acquired property of bankrupt .—(1) The bankruptcy trustee shall be entitled to claim for the estate of the bankrupt, any after -acquired property by giving a notice to the bankrupt. (2) A notice under sub -section ( 1) shall not be served in respect of — (a) excluded assets; or (b) any property which is acquired by or devolves upon the bankrupt after a discharge order is passed under section 138. (3) The notice under sub -section ( 2) shall be given within fifteen days from the day on which the acquisition or devolution of the after -acquired property comes to the knowledge of the bankruptcy trustee. 90 (4) For the purposes of sub -section ( 3)— (a) anything which comes to the knowledge of the bankruptcy trustee shall be deemed to have come to the kno wledge of the successor of the bankruptcy trustee at the same time; and (b) anything which comes to the knowledge of a person before he is appointed as a bankruptcy trustee shall be deemed to have come to his knowledge on the date of his appointment as ban kruptcy trustee. (5) The bankruptcy trustee shall not be entitled, by virtue of this section, to claim from any person who has acquired any right over after -acquired property, in good faith, for value and without notice of the bankruptcy. (6) A notice may be served after the expiry of the period under sub -section ( 3) only with the approval of the Adjudicating Authority. Explanation .—For the purposes of this section, the term “after-acquired property ” means any property which has been acquired by or has dev olved upon the bankrupt after the bankruptcy commencement date.","bankruptcy","bankruptcy_petition",""
"","","","","bankruptcy trustee","asset_schedule",""
"","","","","after-acquired property","notice",""
"","","","","estate","court_order",""
"","","","","bankrupt","",""
"","","","","notice","",""
"","","","","excluded assets","",""
"","","","","discharge order","",""
"","","","","knowledge","",""
"","","","","Adjudicating Authority","",""
"","","","","good faith","",""
"","","","","value","",""
"","","","","bankruptcy commencement date","",""
"The Insolvency And Bankruptcy Code, 2016","160","Onerous property of bankrupt","160. Onerous property of bankrupt .—(1) The bankruptcy trustee may, by giving notice to the bankrupt or any person interested in the onerous property, disclaim any onerous property which forms a part of the estate of the bankrupt. (2) The bankruptcy trustee may give the notice under sub -section ( 1) notwithstanding that he has taken possession of the onerous property, endeavoured to sell it or has exercised rights of ownership in relation to it. (3) A notice of disclaimer under sub -section ( 1) shall — (a) determine, as from the date of such notice, the rights, interests and liabilities of the bankrupt in respect of the onerous property disclaimed; (b) discharge the bankruptcy trustee from all perso nal liability in respect of the onerous property as from the date of appointment of the bankruptcy trustee. (4) A notice of disclaimer under sub -section ( 1) shall not be given in respect of the property which has been claimed for the estate of the bankrupt under section 155 without the permission of the committee of creditors. (5) A notice of disclaimer under sub -section ( 1) shall not affect the rights or liabilities of any other person, and any person who sustains a loss or damage in consequence of the ope ration of a disclaimer under this section shall be deemed to be a creditor of the bankrupt to the extent of the loss or damage. Explanation .—For the purposes of this section, the term “onerous property ” means — (i) any unprofitable contract; and (ii) any o ther property comprised in the estate of the bankrupt which is unsaleable or not readily saleable, or is such th at it may give rise to a claim.","bankruptcy","bankruptcy_petition",""
"","","","","bankruptcy trustee","notice",""
"","","","","onerous property","contract",""
"","","","","disclaim","financial_statements",""
"","","","","notice","creditor_claim",""
"","","","","estate","committee_of_creditors_meeting_minutes",""
"","","","","bankrupt","",""
"","","","","rights","",""
"","","","","liabilities","",""
"","","","","committee of creditors","",""
"","","","","creditor","",""
"","","","","loss","",""
"","","","","damage","",""
"","","","","unprofitable contract","",""
"","","","","unsaleable property","",""
"","","","","claim","",""
"The Insolvency And Bankruptcy Code, 2016","161","Notice to disclaim onerous property","161. Notice to disclaim onerous property .—(1) No notice of disclaimer under section 160 shall be necessary if — (a) a person interested in the onerous property has applied in writing to the bankruptcy trustee or his predecessor requiring him to decide whether the onerous property should be disclaimed or not; and (b) a decision under clause ( a) has not been taken by t he bankruptcy trustee within seven days of receipt of the notice. 91 (2) Any onerous property which cannot be disclaimed under sub -section ( 1) shall be deemed to be part of the estate of the bankrupt. Explanation .—For the purposes of this section, an onerous property is said to be disclaimed where notice in relation to that property has been given by the bankruptcy trustee under section 160.","bankruptcy","bankruptcy_petition",""
"","","","","bankruptcy trustee","notice",""
"","","","","onerous property","application",""
"","","","","disclaim","correspondence",""
"","","","","notice","",""
"","","","","application","",""
"","","","","decision","",""
"","","","","timelines","",""
"","","","","estate","",""
"","","","","bankrupt","",""
"The Insolvency And Bankruptcy Code, 2016","162","Disclaimer of leaseholds","162. Disclaimer of leaseholds .—(1) The bankruptcy trustee shall not be entitled to disclaim any leasehold interest, unle ss a notice of disclaimer has been served on every interested person and — (a) no application objecting to the disclaimer by the interested person, has been filed with respect to the leasehold interest, within fourteen days of the date on which notice was served; and (b) where the application objecting to the disclaimer has been filed by the interested person, the Adjudicating Authority has directed under section 163 that the disclaimer shall take effect. (2) Where the Adjudicating Authority gives a directi on under clause ( b) of sub -section ( 1), it may also make order with respect to fixtures, improvements by tenant and other matters arising out of the lease as it may think fit.","bankruptcy","bankruptcy_petition",""
"","","","","bankruptcy trustee","lease_agreement",""
"","","","","disclaimer","notice",""
"","","","","leasehold","application",""
"","","","","leasehold interest","court_order",""
"","","","","notice","",""
"","","","","application","",""
"","","","","Adjudicating Authority","",""
"","","","","fixtures","",""
"","","","","improvements","",""
"","","","","tenant","",""
"","","","","order","",""
"The Insolvency And Bankruptcy Code, 2016","163","Challenge against disclaimed property","163. Challenge against disclaimed property .— (1) An application challenging the disclaimer may be made by the following persons under this section to the Adjudicating Authority — (a) any person who claims an interest in the disclaimed property; or (b) any person who is under any liability in respect of the disclaimed property; or (c) where the disclaimed property is a dwelling house, any person who on the date of application for bankruptcy was in occupation of or entitled to occupy that dwelling house. (2) The Adjudicating Authority may on an application under sub -section ( 1) make an or der for the vesting of the disclaimed property in, or for its delivery to any of the persons mentioned in sub-section ( 1). (3) The Adjudicating Authority shall not make an order in favour of a person who has made an application under cla use ( b) of sub -section ( 1) except where it appears to the Adjudicating Authority that it would be just to do so for the purpose of compensating the person. (4) The effect of an order under this section shall be taken into account while assessing loss or damage sustained by any person in consequence of the disclaimer under sub -section ( 5) of","bankruptcy","bankruptcy_petition",""
"","","","","disclaimed property","application",""
"","","","","challenge","court_order",""
"","","","","application","claim_documents",""
"","","","","Adjudicating Authority","",""
"","","","","interest","",""
"","","","","liability","",""
"","","","","dwelling house","",""
"","","","","vesting order","",""
"","","","","delivery","",""
"","","","","compensation","",""
"","","","","loss","",""
"","","","","damage","",""
"","","","","occupancy","",""
"The Insolvency And Bankruptcy Code, 2016","160.(5)","Vesting of property","An order under sub -section ( 2) vesting property in any person need not be completed by any 
consequence, assignment or transfer.","order","legal order",""
"","","","","vesting property","property transfer document",""
"","","","","assignment","assignment agreement",""
"","","","","transfer","",""
"The Insolvency And Bankruptcy Code, 2016","164","Undervalued transactions","164. Undervalued transa ctions .—(1) The bankruptcy trustee may apply to the Adjudicating 
Authority for an order under this section in respect of an undervalued transaction between a bankrupt and 
any person.  
(2) The undervalued transaction referred to in sub -section ( 1) should hav e— 
(a) been entered into during the period of two years ending on the filing of the application for 
bankruptcy; and  
(b) caused bankruptcy process to be triggered.  
(3) A transaction between a bankrupt and his associate entered into during the period of two years 
preceding the date of making of the application for bankruptcy shall be deemed to be an undervalued 
transaction under this section.  
(4) On the application of the bankruptcy trustee under sub -section ( 1), the Adjudicating Authority 
may— 

92 (a) pass  an or der declaring an undervalued transaction void;  
(b) pass an order requiring any property transferred as a part of an undervalued transaction to be 
vested with the bankruptcy trustee as a part of the estate of the bankrupt; and  
(c) pass any other order it th inks fit for restoring the position to what it would have been if the 
bankrupt had not entered into the undervalued transaction.  
(5) The order under clause ( a) of sub -section ( 4) shall not be passed if it is proved by the bankrupt 
that the transaction was undertaken in the ordinary course of business of the bankrupt:  
Provided that the provisions of this sub -section shall not be applicable to undervalued transaction 
entered into between a bankrupt and his associate under sub -section ( 3) of this section.  
(6) For the purposes of this section, a bankrupt enters into an undervalued transaction with any person 
if— 
(a) he makes a gift to that person;  
(b) no consideration has been received by that person from the bankrupt;  
(c) it is in consideration of marriage; or  
(d) it is for a consideration, the value of which in money or money ’s worth is significantly less 
than the value in money or money ’s worth of the consideration provided by the bankrupt.","undervalued transaction","application to Adjudicating Authority",""
"","","","","bankruptcy trustee","legal order",""
"","","","","Adjudicating Authority","bankruptcy petition",""
"","","","","bankrupt","financial statements",""
"","","","","associate","transaction records",""
"","","","","application for bankruptcy","sale deed",""
"","","","","void transaction","gift deed",""
"","","","","vesting property","",""
"","","","","estate of bankrupt","",""
"","","","","ordinary course of business","",""
"","","","","gift","",""
"","","","","consideration","",""
"The Insolvency And Bankruptcy Code, 2016","165","Preference transactions","165. Preference transactions .—(1) The bankruptcy trustee may apply to the Adjudicating Authority 
for an order under this section if a bankrupt has given a preference to any person.  
(2) The transaction giving preference to an associate of the bankrupt under sub -section ( 1) should 
have been entered into by the bankrupt with th e associate during the period of two years ending on the 
date of the application for bankruptcy.  
(3) Any transaction giving preference not covered under sub -section ( 2) should have been entered 
into by the bankrupt during the period of six months ending on  the date of the application for bankruptcy.  
(4) The transaction giving preference under sub -section ( 2) or under sub -section ( 3) should have 
caused the bankruptcy process to be triggered.  
(5) On the application of the bankruptcy trustee under sub -section  (1), the Adjudicating Authority 
may— 
(a) pass an order declaring a transaction giving preference void;  
(b) pass an order requiring any property transferred in respect of a transaction giving preference 
to be vested with the bankruptcy trustee as a part of  the estate of the bankrupt; and  
(c) pass any other order it thinks fit for restoring the position to what it would have been if the 
bankrupt had not entered into the transaction giving preference.  
(6) The Adjudicating Authority shall not pass an order und er sub -section ( 5) unless the bankrupt was 
influenced in his decision of giving preference to a person by a desire to produce in relation to that person 
an effect under clause ( b) of sub -section ( 8). 
(7) For the purpose of sub -section ( 6), if the person is  an associate of the bankrupt, (otherwise than by 
reason only of being his employee), at the time when the preference was given, it","preference transaction","application to Adjudicating Authority",""
"","","","","bankruptcy trustee","legal order",""
"","","","","Adjudicating Authority","bankruptcy petition",""
"","","","","bankrupt","financial statements",""
"","","","","associate","transaction records",""
"","","","","application for bankruptcy","loan agreement",""
"","","","","void transaction","",""
"","","","","vesting property","",""
"","","","","estate of bankrupt","",""
